Date/Time of Report: 3/17/2025 11:55:00,,,,,,,,
Requester: STN03 - Oper,,,,,,,,
Filter Applied: Event Time: 1/31/2025,,,,,,,,
Sort Criteria: Event Time descending,,,,,,,,
Server: ESV-01B,,,,,,,,
"Tip: to see the full time in Excel, use a custom cell format:  d/mm/yyyy h:mm:ss.000",,,,,,,,
,,,,,,,,
,,,,,,,,
Event Time,Location Tag,Source,Condition,Action,Priority,Description,Value,Units
1/31/2025 23:59:56.664,8700,AI8102,PVLOW,ACK,,PT8705 PH,,
1/31/2025 23:59:53.311,8700,AI8102,PVHIGH,ACK,,PT8705 PH,,
1/31/2025 23:59:50.526,8700,AI8102,PVHIHI,ACK,,PT8705 PH,,
1/31/2025 23:59:47.574,8700,AI8102,PVLOLO,ACK,,PT8705 PH,,
1/31/2025 23:59:38.800,8700,AI8102,PVHIHI,,H 00,PT8705 PH,9.00246,ph
1/31/2025 23:57:04.800,IOLINK04_1,AIOR-704,OP Fail in circuit/field wire,OK,H 15,,Channel_18_A,
1/31/2025 23:56:34.400,01,EVENT_SCM2A,OFFNRM,,J 00,,ON,
1/31/2025 23:56:33.600,1300,XSV1318B,CMDDIS,,L 00,RE1301B DISCHARGE,Inbet,
1/31/2025 23:56:28.100,8700,AI8102,PVHIGH,,H 00,PT8705 PH,8.30147,ph
1/31/2025 23:54:38.600,8700,AI8102,PVLOW,OK,H 00,PT8705 PH,6.95234,ph
1/31/2025 23:53:58.100,8700,AI8102,PVLOLO,OK,U 00,PT8705 PH,6.144,ph
1/31/2025 23:53:45.500,1300,FG1324B,PVHIGH,,L 00,CH2 LINE FPW FLOW,389.988,
1/31/2025 23:53:45.800,01,EVENT_SCM1B,OFFNRM,,J 00,,ON,
1/31/2025 23:53:33.424,1300,XSV1318B,CHANGE,,,devctla.gop,S1,
1/31/2025 23:53:31.543,1300,XSV1331B,CHANGE,,,devctla.gop,S1,
1/31/2025 23:53:12.000,1300,FG1324B,PVLOLO,OK,J 00,CH2 LINE FPW FLOW,230.082,
1/31/2025 23:53:12.900,1300,FG1324B,PVLOW,OK,J 00,CH2 LINE FPW FLOW,230.082,
1/31/2025 23:53:11.375,1300,XSV1321B,CHANGE,,,devctla.gop,S1,
1/31/2025 23:50:29.800,8700,AI8102,PVLOLO,,U 00,PT8705 PH,5.93899,ph
1/31/2025 23:50:09.300,8700,AI8102,PVLOW,,H 00,PT8705 PH,6.77409,ph
1/31/2025 23:49:28.500,1700,TIC1702,DEVLOW,OK,L 00,PU1705 DELIVERY,-3.48649,DegC
1/31/2025 23:47:40.700,IOLINK04_1,AIOR-704,OP Fail in circuit/field wire,,H 15,,Channel_18_A,
1/31/2025 23:44:44.100,IOLINK04_1,AIOR-704,OP Fail in circuit/field wire,OK,H 15,,Channel_18_A,
1/31/2025 23:43:27.600,8700,AI8102,PVLOW,OK,H 00,PT8705 PH,6.94766,ph
1/31/2025 23:42:46.100,8700,AI8102,PVLOLO,OK,U 00,PT8705 PH,6.14199,ph
1/31/2025 23:42:25.700,1500,PI1514,PVLOLO,OK,H 00,DR1501 INSIDE,110.421,mmH2O
1/31/2025 23:37:44.323,1300,XSV1350,CHANGE,,,devctla.gop,S0,
1/31/2025 23:37:27.994,1300,PU1309,CHANGE,,,devctla.gop,S0,
1/31/2025 23:37:25.433,1300,XSV1390,CHANGE,,,devctla.gop,S1,
1/31/2025 23:37:13.148,1500,VT_BL1503,PVHIGH,ACK,,VT_1503,,
1/31/2025 23:36:38.200,1700,TIC1702,PVLOW,OK,L 00,PU1705 DELIVERY,61.5143,DegC
1/31/2025 23:35:47.583,IOLINK04_1,AIOR-704,OP Fail in circuit/field wire,ACK,,,,
1/31/2025 23:35:11.957,1500,VT_BL1503,PVHIHI,ACK,,VT_1503,,
1/31/2025 23:35:05.400,1500,VT_BL1503,PVHIGH,OK,H 00,VT_1503,4.84615,mm/s
1/31/2025 23:35:04.600,1500,VT_BL1503,PVHIHI,OK,U 00,VT_1503,7.48364,mm/s
1/31/2025 23:35:01.500,1500,VT_BL1503,PVHIHI,,U 00,VT_1503,9.76396,mm/s
1/31/2025 23:35:01.400,1500,VT_BL1503,PVHIGH,,H 00,VT_1503,9.76396,mm/s
1/31/2025 23:24:31.400,8200,PI8114,PVLOW,OK,L 00,LOW PRESSURE NITROGEN,4.60002,Kg/cm2G
1/31/2025 23:24:13.500,IOLINK04_1,AIOR-704,OP Fail in circuit/field wire,,H 15,,Channel_18_A,
1/31/2025 23:23:32.100,IOLINK04_1,AIOR-704,OP Fail in circuit/field wire,OK,H 15,,Channel_18_A,
1/31/2025 23:21:18.200,1300,LIC1305,PVLOW,OK,L 00,VE1306,1.54969,m
1/31/2025 23:18:41.179,1300,LI1303,PVLOW,ACK,,VE1305,,
1/31/2025 23:18:27.268,IOLINK04_1,AIOR-704,OP Fail in circuit/field wire,ACK,,,,
1/31/2025 23:18:16.100,1300,LI1303,PVLOW,,L 00,VE1305,0.0680844,m
1/31/2025 23:18:16.300,IOLINK04_1,AIOR-704,OP Fail in circuit/field wire,,H 15,,Channel_18_A,
1/31/2025 23:17:32.800,IOLINK04_1,AIOR-704,OP Fail in circuit/field wire,OK,H 15,,Channel_18_A,
1/31/2025 23:15:31.992,8700,AI8102,PVLOLO,ACK,,PT8705 PH,,
1/31/2025 23:14:59.100,8700,AI8102,PVLOLO,,U 00,PT8705 PH,5.99952,ph
1/31/2025 23:14:29.816,8700,AI8102,PVLOW,ACK,,PT8705 PH,,
1/31/2025 23:12:53.700,8700,AI8102,PVLOW,,H 00,PT8705 PH,6.79482,ph
1/31/2025 23:12:16.335,8400,FI8107PV,OFFNRM,ACK,,COOLING TOWER LOW LEVEL,,
1/31/2025 23:07:54.900,8700,AI8102,PVHIGH,OK,H 00,PT8705 PH,8.15633,ph
1/31/2025 23:07:30.400,01,EVENT_SCM2A,OFFNRM,OK,J 00,,OFF,
1/31/2025 23:07:29.200,1300,LIC1305,PVLOLO,OK,H 00,VE1306,0.545546,m
1/31/2025 23:06:27.553,1300,XSV1350,CHANGE,,,devctla.gop,S1,
1/31/2025 23:06:24.621,1300,XSV1350,CHANGE,,,devctla.modeattr,OPERATOR,
1/31/2025 23:06:21.000,8400,FI8107PV,OFFNRM,OK,L 00,COOLING TOWER LOW LEVEL,OFF,
1/31/2025 23:06:08.200,8400,FI8107PV,OFFNRM,,L 00,COOLING TOWER LOW LEVEL,ON,
1/31/2025 23:06:07.826,1300,LIC1305,PVLOLO,ACK,,VE1306,,
1/31/2025 23:06:00.041,IOLINK04_1,AIOR-704,OP Fail in circuit/field wire,ACK,,,,
1/31/2025 23:04:49.200,8700,AI8102,PVHIHI,OK,H 00,PT8705 PH,8.85598,ph
1/31/2025 23:04:39.800,IOLINK04_1,AIOR-704,OP Fail in circuit/field wire,,H 15,,Channel_18_A,
1/31/2025 23:00:01.600,IOLINK04_1,AIOR-704,OP Fail in circuit/field wire,OK,H 15,,Channel_18_A,
1/31/2025 22:59:01.845,8800,PI8111,ALARM,ACK PNT,,VE8803 FGC SUCTION DRUM,,
1/31/2025 22:59:01.845,8800,PI8111,PVLOW,ACK,,VE8803 FGC SUCTION DRUM,,
1/31/2025 22:57:58.600,8800,PI8111,PVLOW,,L 00,VE8803 FGC SUCTION DRUM,3.99924,kg/cm2G
1/31/2025 22:55:50.900,8800,PI8111,PVHIGH,OK,L 00,VE8803 FGC SUCTION DRUM,4.70087,kg/cm2G
1/31/2025 22:54:43.996,8700,AI8102,PVHIGH,ACK,,PT8705 PH,,
1/31/2025 22:54:40.286,8700,AI8102,PVHIHI,ACK,,PT8705 PH,,
1/31/2025 22:53:17.400,8700,AI8102,PVHIHI,,H 00,PT8705 PH,9.00313,ph
1/31/2025 22:51:06.900,8700,AI8102,PVHIGH,,H 00,PT8705 PH,8.30783,ph
1/31/2025 22:47:51.400,01,EVENT_SCM2A,OFFNRM,,J 00,,ON,
1/31/2025 22:47:50.000,1300,LIC1305,PVLOLO,,H 00,VE1306,0.499869,m
1/31/2025 22:40:54.000,8700,AI8102,PVHIGH,OK,H 00,PT8705 PH,8.15633,ph
1/31/2025 22:34:24.500,8400,FI8107PV,OFFNRM,OK,L 00,COOLING TOWER LOW LEVEL,OFF,
1/31/2025 22:33:54.119,1500,PI1514,PVLOLO,ACK,,DR1501 INSIDE,,
1/31/2025 22:33:46.100,1500,PI1514,PVLOLO,,H 00,DR1501 INSIDE,84.8408,mmH2O
1/31/2025 22:33:14.000,1500,PI1514,PVLOLO,OK,H 00,DR1501 INSIDE,131.271,mmH2O
1/31/2025 22:32:21.900,1700,TIC1702,PVLOLO,OK,H 00,PU1705 DELIVERY,41.5124,DegC
1/31/2025 22:31:43.052,8400,FI8107PV,OFFNRM,ACK,,COOLING TOWER LOW LEVEL,,
1/31/2025 22:31:41.521,8700,AI8102,PVHIGH,ACK,,PT8705 PH,,
1/31/2025 22:31:38.196,8100,AI_PH10,PVHIHI,ACK,,EFFULUENT CHANEL OLD W/S,,
1/31/2025 22:29:45.664,1500,PIC1511,CHANGE,,,PIDA.OP,26.0912,%
1/31/2025 22:29:34.487,1500,PI1514,PVLOLO,ACK,,DR1501 INSIDE,,
1/31/2025 22:29:29.200,1500,PI1514,PVLOLO,,H 00,DR1501 INSIDE,80.6133,mmH2O
1/31/2025 22:28:57.800,1500,PI1514,PVLOLO,OK,H 00,DR1501 INSIDE,122.96,mmH2O
1/31/2025 22:27:01.122,1700,HC1701,CHANGE,,,automana.op,0,%
1/31/2025 22:26:59.163,1500,EI1505,PVLOW,ACK,,BL1501 CURRENT,,
1/31/2025 22:26:58.475,1500,EI1507,BAD PV,ACK,,BL1503 CURRENT,,
1/31/2025 22:26:57.389,1500,FIC1513,BAD PV,ACK,,BL1502 SUCTION,,
1/31/2025 22:26:56.634,1500,PIC1511,PVLOW,ACK,,DR1501 TOP,,
1/31/2025 22:26:56.800,1500,FIC1513,BAD PV,,L 00,BL1502 SUCTION,,Nm3/min
1/31/2025 22:26:56.737,1500,FIC1512,PVLOW,ACK,,BL1501 SUCTION,,
1/31/2025 22:26:55.049,1500,FI1514BM,PVLOW,ACK,,DR1501 BM FLOW,,
1/31/2025 22:26:54.095,1500,PI1514,PVLOLO,ACK,,DR1501 INSIDE,,
1/31/2025 22:26:54.523,1500,PI1514,PVLOLO,ACK,,DR1501 INSIDE,,
1/31/2025 22:26:53.783,1500,EI1506,BAD PV,ACK,,BL1502 CURRENT,,
1/31/2025 22:26:53.016,1500,EI1505,BAD PV,ACK,,BL1501 CURRENT,,
1/31/2025 22:26:53.300,1500,PI1514,PVLOLO,,H 00,DR1501 INSIDE,88.3518,mmH2O
1/31/2025 22:26:52.887,1500,EI1505,BAD PV,ACK,,BL1501 CURRENT,,
1/31/2025 22:26:51.954,1500,PI1515,PVLOW,ACK,,DR1501 INSIDE,,
1/31/2025 22:26:50.750,1500,PI1516,PVLOW,ACK,,SR1502 INLET,,
1/31/2025 22:26:49.221,1500,FI1519,PVLOW,ACK,,DR1501 BM BY-PASS,,
1/31/2025 22:26:49.079,1500,FI1519,BAD PV,ACK,,DR1501 BM BY-PASS,,
1/31/2025 22:26:48.032,1500,PI1515PV,OFFNRM,ACK,,DR 1501(PLUG FLOW)PRESS,,
1/31/2025 22:26:47.887,1500,PIC1511,PVHIGH,ACK,,DR1501 TOP,,
1/31/2025 22:26:47.086,1500,PIC1511,PVHIGH,ACK,,DR1501 TOP,,
1/31/2025 22:26:46.761,1500,PI1514,PVLOW,ACK,,DR1501 INSIDE,,
1/31/2025 22:26:46.040,1500,EI1505,PVLOLO,ACK,,BL1501 CURRENT,,
1/31/2025 22:26:45.255,1500,EI1505,PVLOLO,ACK,,BL1501 CURRENT,,
1/31/2025 22:26:45.635,1500,FIC1512,PVLOLO,ACK,,BL1501 SUCTION,,
1/31/2025 22:26:45.182,1500,FIC1512,PVLOLO,ACK,,BL1501 SUCTION,,
1/31/2025 22:26:44.614,1500,PI1512,PVLOLO,ACK,,DR1501 INSIDE,,
1/31/2025 22:26:44.238,1500,PI1512,PVLOLO,ACK,,DR1501 INSIDE,,
1/31/2025 22:26:43.723,1500,PI1515,PVLOLO,ACK,,DR1501 INSIDE,,
1/31/2025 22:26:43.578,1500,PI1515,PVLOLO,ACK,,DR1501 INSIDE,,
1/31/2025 22:26:42.885,1500,FIC1513,PVLOLO,ACK,,BL1502 SUCTION,,
1/31/2025 22:26:42.160,1500,FIC1513,PVLOLO,ACK,,BL1502 SUCTION,,
1/31/2025 22:26:41.827,IOLINK04_1,AIOR-704,OP Fail in circuit/field wire,ACK,,,,
1/31/2025 22:26:35.700,1500,PI1514,PVLOW,,L 00,DR1501 INSIDE,83.3122,mmH2O
1/31/2025 22:26:26.900,1500,PIC1511,PVHIGH,,L 00,DR1501 TOP,9.77064,mmH2O
1/31/2025 22:26:18.700,1500,PI1512,PVLOW,,J 00,DR1501 INSIDE,50.1567,mmH2O
1/31/2025 22:26:13.100,IOLINK04_1,AIOR-704,OP Fail in circuit/field wire,,H 15,,Channel_18_A,
1/31/2025 22:26:08.600,1500,PI1515PV,OFFNRM,,L 00,DR 1501(PLUG FLOW)PRESS,ON,
1/31/2025 22:26:08.200,1500,FI1513,PVLOLO,,J 00,BL1502 SUCTION,18.3731,Nm3/min
1/31/2025 22:26:07.100,1500,FI1519,BAD PV,,L 00,DR1501 BM BY-PASS,,Nm3/h
1/31/2025 22:26:07.000,1500,FI1513,PVLOW,,J 00,BL1502 SUCTION,20.2379,Nm3/min
1/31/2025 22:26:05.100,1500,FIC1513,PVLOLO,,H 00,BL1502 SUCTION,23.9682,Nm3/min
1/31/2025 22:26:04.400,1500,FI1519,PVLOW,,L 00,DR1501 BM BY-PASS,,Nm3/h
1/31/2025 22:26:00.400,01,EV_SUMM,OFFNRM,,J 00,Dryer Stop,ON,
1/31/2025 22:26:00.500,1500,PI1516,PVLOW,,L 00,SR1502 INLET,148.535,mmH2O
1/31/2025 22:26:00.300,1500,PI1515,PVLOLO,,H 00,DR1501 INSIDE,227.763,mmH2O
1/31/2025 22:25:57.800,1500,PI1515,PVLOW,,L 00,DR1501 INSIDE,304.908,mmH2O
1/31/2025 22:25:57.000,1500,PI1512,PVLOLO,,H 00,DR1501 INSIDE,174.849,mmH2O
1/31/2025 22:25:55.100,1500,PIC1511,PVLOW,OK,L 00,DR1501 TOP,-89.7993,mmH2O
1/31/2025 22:25:53.300,1500,EI1505,BAD PV,,L 00,BL1501 CURRENT,,amp
1/31/2025 22:25:50.600,1500,EI1506,BAD PV,,L 00,BL1502 CURRENT,,amp
1/31/2025 22:25:48.500,1500,FIC1512,PVLOLO,,H 00,BL1501 SUCTION,178.26,Nm3/min
1/31/2025 22:25:47.200,1500,FI1514BM,PVLOW,,L 00,DR1501 BM FLOW,193.568,Nm3/min
1/31/2025 22:25:47.500,1500,FIC1512,PVLOW,,L 00,BL1501 SUCTION,217.969,Nm3/min
1/31/2025 22:25:45.200,1500,PIC1511,PVLOW,,L 00,DR1501 TOP,-106.187,mmH2O
1/31/2025 22:25:43.800,1500,EI1507,BAD PV,,L 00,BL1503 CURRENT,,amp
1/31/2025 22:25:42.400,1500,EI1505,PVLOLO,,H 00,BL1501 CURRENT,11.2436,amp
1/31/2025 22:25:42.300,1500,EI1505,PVLOW,,L 00,BL1501 CURRENT,11.2436,amp
1/31/2025 22:25:09.629,1500,PIC1511,CHANGE,,,pida.mode,MAN,
1/31/2025 22:24:15.273,1800,PIC1802,CHANGE,,,PIDA.OP,10,%
1/31/2025 22:24:15.940,1800,PIC1802,CHANGE,,,PIDA.OP,11,%
1/31/2025 22:24:14.325,1800,PIC1802,CHANGE,,,PIDA.OP,12,%
1/31/2025 22:24:14.769,1800,PIC1802,CHANGE,,,PIDA.OP,13,%
1/31/2025 22:24:13.695,1800,PIC1802,CHANGE,,,PIDA.OP,14,%
1/31/2025 22:24:13.445,1800,PIC1802,CHANGE,,,PIDA.OP,15,%
1/31/2025 22:24:12.642,1800,PIC1802,CHANGE,,,PIDA.OP,16,%
1/31/2025 22:24:12.093,1800,PIC1802,CHANGE,,,PIDA.OP,17,%
1/31/2025 22:24:12.019,1800,PIC1802,CHANGE,,,PIDA.OP,18,%
1/31/2025 22:24:12.201,1800,PIC1802,CHANGE,,,PIDA.OP,19,%
1/31/2025 22:24:11.666,1800,PIC1802,CHANGE,,,PIDA.OP,20,%
1/31/2025 22:24:11.076,1800,PIC1802,CHANGE,,,PIDA.OP,21,%
1/31/2025 22:24:11.368,1800,PIC1802,CHANGE,,,PIDA.OP,22,%
1/31/2025 22:24:10.150,1800,PIC1802,CHANGE,,,PIDA.OP,23,%
1/31/2025 22:24:10.073,1800,PIC1802,CHANGE,,,PIDA.OP,24,%
1/31/2025 22:24:09.065,1800,PIC1802,CHANGE,,,PIDA.OP,25,%
1/31/2025 22:24:08.082,1800,PIC1802,CHANGE,,,PIDA.OP,35,%
1/31/2025 22:24:05.817,1800,PIC1802,CHANGE,,,PIDA.OP,45,%
1/31/2025 22:24:02.380,1800,PIC1802,CHANGE,,,PIDA.OP,55,%
1/31/2025 22:24:02.048,1800,PIC1802,CHANGE,,,PIDA.OP,65,%
1/31/2025 22:24:01.126,1800,PIC1802,CHANGE,,,PIDA.OP,75,%
1/31/2025 22:24:00.640,1800,PIC1802,CHANGE,,,PIDA.OP,85,%
1/31/2025 22:23:59.387,1800,PIC1802,CHANGE,,,PIDA.OP,95,%
1/31/2025 22:23:57.815,1800,PIC1802,CHANGE,,,pida.mode,MAN,
1/31/2025 22:23:45.600,8100,AI_PH10,PVHIHI,,H 00,EFFULUENT CHANEL OLD W/S,10.2434,pH
1/31/2025 22:23:17.100,8100,AI_PH10,PVLOLO,OK,H 00,EFFULUENT CHANEL OLD W/S,7.31255,pH
1/31/2025 22:22:46.900,8400,FI8107PV,OFFNRM,,L 00,COOLING TOWER LOW LEVEL,ON,
1/31/2025 22:16:01.785,1500,PIC1511,CHANGE,,,pida.mode,AUTO,
1/31/2025 22:15:34.900,1500,PI1512,PVLOW,OK,J 00,DR1501 INSIDE,270.011,mmH2O
1/31/2025 22:15:28.500,8700,AI8102,PVHIGH,,H 00,PT8705 PH,8.30147,ph
1/31/2025 22:14:26.906,C300_04,IOLINK04_1,IOPSWITCHOVER,ACK,,IOP Switchover Occured,,
1/31/2025 22:14:23.324,IOLINK04_1,AIOR-704,OP Fail in circuit/field wire,ACK,,,,
1/31/2025 22:13:29.400,IOLINK04_1,AIOR-704,OP Fail in circuit/field wire,,H 15,,Channel_18_B,
1/31/2025 22:12:00.600,1600,PI1601,PVLOLO,,J 00,HE1601 OUTLET,0.179514,kg/cm2G
1/31/2025 22:11:58.577,IOLINK04_1,AIOR-704,OP Fail in circuit/field wire,ACK,,,,
1/31/2025 22:11:57.700,1600,PI1601,PVLOLO,OK,J 00,HE1601 OUTLET,0.349652,kg/cm2G
1/31/2025 22:11:55.400,IOLINK04_1,AIOR-704,OK,,J 00,,PartnerB_04,
1/31/2025 22:11:55.300,IOLINK04_1,AIOR-704,OK,,J 00,,PartnerB_04,
1/31/2025 22:11:55.400,IOLINK04_1,AIOR-704,OK,,J 00,,PartnerA_04,
1/31/2025 22:11:54.300,IOLINK04_1,AIOR-704,OK,,J 00,,PartnerB_04,
1/31/2025 22:11:54.200,IOLINK04_1,AIOR-704,OP Fail in circuit/field wire,OK,H 15,,Channel_18_B,
1/31/2025 22:11:54.200,IOLINK04_1,AIOR-704,IDLE,,J 00,,PartnerB_04,
1/31/2025 22:11:54.100,IOLINK04_1,AIOR-704,OP Fail in circuit/field wire,,H 15,,Channel_18_B,
1/31/2025 22:11:54.700,C300_04,IOLINK04_1,IOPSWITCHOVER,,H 15,IOP Switchover Occured,PartnerA_04,
1/31/2025 22:11:36.500,1600,PNEUMOIS,State Change,,J 00,SCM,Running,
1/31/2025 22:11:34.600,1600,PNEUMOIS,State Change,,J 00,SCM,Restarting,
1/31/2025 22:10:54.900,1600,PNEUMA,State Change,,J 00,SCM,Running,
1/31/2025 22:10:51.700,1600,PNEUMA,State Change,,J 00,SCM,Restarting,
1/31/2025 22:10:50.032,1600,PNEUMA,CHANGE,,,modeattr,PROGRAM,
1/31/2025 22:10:50.400,1600,PNEUMA,Mode Attribute Change,,J 00,SCM,PROGRAM,
1/31/2025 22:10:50.379,1600,PNEUMA,CHANGE,,,COMMAND,Restart,
1/31/2025 22:10:50.379,1600,PNEUMA,CHANGE,,,modeattr,OPERATOR,
1/31/2025 22:10:50.000,1600,PNEUMA,Mode Attribute Change,,J 00,SCM,OPERATOR,
1/31/2025 22:10:49.786,1300,XSV1390,CHANGE,,,devctla.gop,S0,
1/31/2025 22:10:29.552,1300,PU1309,CHANGE,,,devctla.gop,S1,
1/31/2025 22:09:54.476,1200,PIC1213,PVLOW,ACK,,PU1204A,B DELIVERY,,
1/31/2025 22:09:48.745,1200,PIC1213,DEVLOW,ACK,,PU1204A,B DELIVERY,,
1/31/2025 22:09:41.600,1300,FG1324A,PVLOW,OK,J 00,CH2 LINE FPW POLY A,200.385,L/h
1/31/2025 22:09:40.100,1200,PIC1213,DEVLOW,OK,L 00,PU1204A,B DELIVERY,0.512528,kg/cm2G
1/31/2025 22:09:40.400,1200,PIC1213,PVLOW,OK,L 00,PU1204A,B DELIVERY,18.5125,kg/cm2G
1/31/2025 22:09:40.600,1300,FG1324A,PVLOLO,OK,J 00,CH2 LINE FPW POLY A,114.577,L/h
1/31/2025 22:09:39.900,1200,PIC1213,DEVLOW,,L 00,PU1204A,B DELIVERY,-4.18781,kg/cm2G
1/31/2025 22:09:39.600,1200,PIC1213,PVLOW,,L 00,PU1204A,B DELIVERY,13.8122,kg/cm2G
1/31/2025 22:09:38.737,1300,XSV1321A,CHANGE,,,devctla.gop,S1,
1/31/2025 22:09:04.773,8100,AI_PH10,PVLOLO,ACK,,EFFULUENT CHANEL OLD W/S,,
1/31/2025 22:06:36.200,8100,AI_PH10,PVLOLO,,H 00,EFFULUENT CHANEL OLD W/S,4.30412,pH
1/31/2025 22:06:06.000,8100,AI_PH10,PVHIHI,OK,H 00,EFFULUENT CHANEL OLD W/S,8.65171,pH
1/31/2025 22:03:10.400,1300,ALMMNG4,OFFNRM,OK,H 00,FI1511 PV LO ALARM,OFF,
1/31/2025 22:03:10.434,1300,ALMMNG4,OFFNRM,ACK,,FI1511 PV LO ALARM,,
1/31/2025 22:03:05.600,1300,ALMMNG4,OFFNRM,,H 00,FI1511 PV LO ALARM,ON,
1/31/2025 22:02:46.205,1500,PIC1511,CHANGE,,,PIDA.OP,40,%
1/31/2025 22:02:29.668,1500,PIC1511,CHANGE,,,PIDA.OP,41,%
1/31/2025 22:02:21.569,1700,HC1701,CHANGE,,,automana.op,50,%
1/31/2025 22:02:21.692,1700,HC1701,CHANGE,,,automana.op,40,%
1/31/2025 22:02:20.859,1700,HC1701,CHANGE,,,automana.op,30,%
1/31/2025 22:02:20.785,1700,HC1701,CHANGE,,,automana.op,20,%
1/31/2025 22:02:18.147,1700,HC1701,CHANGE,,,automana.op,10,%
1/31/2025 22:01:50.112,1500,PIC1511,PVLOW,ACK,,DR1501 TOP,,
1/31/2025 22:01:48.800,1500,PI1515,PVLOW,ACK,,DR1501 INSIDE,,
1/31/2025 22:01:47.596,1500,FIC1513,PVLOW,ACK,,BL1502 SUCTION,,
1/31/2025 22:01:44.265,1500,PIC1511,PVLOLO,ACK,,DR1501 TOP,,
1/31/2025 22:01:41.164,1300,ALMMNG4,OFFNRM,ACK,,FI1511 PV LO ALARM,,
1/31/2025 22:01:24.300,1300,ALMMNG4,OFFNRM,OK,H 00,FI1511 PV LO ALARM,OFF,
1/31/2025 22:01:14.700,1300,ALMMNG4,OFFNRM,,H 00,FI1511 PV LO ALARM,ON,
1/31/2025 22:01:05.237,1500,PIC1511,CHANGE,,,PIDA.OP,42,%
1/31/2025 22:00:59.767,1500,PIC1511,CHANGE,,,PIDA.OP,43,%
1/31/2025 22:00:58.665,1500,PIC1511,CHANGE,,,PIDA.OP,44,%
1/31/2025 22:00:50.400,1500,FIC1513,PVLOW,,L 00,BL1502 SUCTION,47.9793,Nm3/min
1/31/2025 22:00:41.307,1500,FIC1513,CHANGE,,,PIDA.OP,100,%
1/31/2025 22:00:31.949,1500,FIC1512,CHANGE,,,pida.mode,AUTO,
1/31/2025 22:00:27.700,1500,PIC1511,PVLOW,OK,L 00,DR1501 TOP,-85.9532,mmH2O
1/31/2025 22:00:25.462,1500,FIC1512,CHANGE,,,PIDA.OP,97.4037,%
1/31/2025 22:00:22.514,1500,FIC1512,CHANGE,,,pida.mode,MAN,
1/31/2025 22:00:07.900,1500,PI1512,PVLOW,,J 00,DR1501 INSIDE,229.314,mmH2O
1/31/2025 22:00:06.686,1500,FIC1513,CHANGE,,,PIDA.OP,95,%
1/31/2025 22:00:00.341,1500,FIC1512,CHANGE,,,pida.mode,AUTO,
1/31/2025 21:59:56.485,1500,FIC1513,CHANGE,,,PIDA.OP,85,%
1/31/2025 21:59:55.500,1500,EI1505,PVLOW,OK,L 00,BL1501 CURRENT,120.168,amp
1/31/2025 21:59:53.822,1500,FIC1512,CHANGE,,,PIDA.OP,85,%
1/31/2025 21:59:51.500,1500,FIC1513,PVLOW,OK,L 00,BL1502 SUCTION,49.1321,Nm3/min
1/31/2025 21:59:43.815,1500,FIC1513,CHANGE,,,PIDA.OP,75,%
1/31/2025 21:59:39.600,1500,PI1515,PVLOW,OK,L 00,DR1501 INSIDE,336.722,mmH2O
1/31/2025 21:59:38.500,1500,PIC1511,PVLOLO,OK,H 00,DR1501 TOP,-131.653,mmH2O
1/31/2025 21:59:38.133,1500,FIC1513,CHANGE,,,PIDA.OP,65,%
1/31/2025 21:59:37.500,1500,FI1514BM,PVLOW,OK,L 00,DR1501 BM FLOW,280.763,Nm3/min
1/31/2025 21:59:37.700,1500,FIC1512,PVLOW,OK,L 00,BL1501 SUCTION,307.351,Nm3/min
1/31/2025 21:59:35.200,1500,EI1505,PVLOLO,OK,H 00,BL1501 CURRENT,108.15,amp
1/31/2025 21:59:35.972,1500,FIC1512,CHANGE,,,PIDA.OP,75,%
1/31/2025 21:59:34.500,1500,PI1515,PVLOW,,L 00,DR1501 INSIDE,313.626,mmH2O
1/31/2025 21:59:34.176,1500,FIC1512,CHANGE,,,PIDA.OP,65,%
1/31/2025 21:59:29.600,1500,PIC1511,PVLOLO,,H 00,DR1501 TOP,-170.999,mmH2O
1/31/2025 21:59:28.700,1500,PIC1511,PVLOW,,L 00,DR1501 TOP,-108.218,mmH2O
1/31/2025 21:59:28.600,1500,PIC1511,PVHIGH,OK,L 00,DR1501 TOP,-108.218,mmH2O
1/31/2025 21:58:50.500,1500,FIC1512,PVLOLO,OK,H 00,BL1501 SUCTION,192.143,Nm3/min
1/31/2025 21:58:49.449,1500,FIC1513,CHANGE,,,PIDA.OP,55,%
1/31/2025 21:58:47.389,1500,FIC1512,CHANGE,,,PIDA.OP,55,%
1/31/2025 21:58:47.700,1500,PI1512,PVLOW,OK,J 00,DR1501 INSIDE,270.153,mmH2O
1/31/2025 21:58:39.428,1500,PIC1511,CHANGE,,,PIDA.OP,45,%
1/31/2025 21:58:37.572,1500,PIC1511,CHANGE,,,PIDA.OP,44,%
1/31/2025 21:58:35.463,1500,PIC1511,CHANGE,,,PIDA.OP,43,%
1/31/2025 21:58:31.318,1500,PIC1511,CHANGE,,,PIDA.OP,42,%
1/31/2025 21:58:27.693,1500,PIC1511,CHANGE,,,PIDA.OP,41,%
1/31/2025 21:58:24.500,1500,FI1519,BAD PV,OK,L 00,DR1501 BM BY-PASS,128.121,Nm3/h
1/31/2025 21:58:15.900,1500,FI1519,PVLOW,OK,L 00,DR1501 BM BY-PASS,88.5077,Nm3/h
1/31/2025 21:58:11.647,1500,FIC1513,CHANGE,,,PIDA.OP,45,%
1/31/2025 21:58:08.779,1500,FIC1512,CHANGE,,,PIDA.OP,45,%
1/31/2025 21:58:05.807,1500,PIC1511,CHANGE,,,PIDA.OP,40,%
1/31/2025 21:58:04.726,1500,PIC1511,CHANGE,,,PIDA.OP,39,%
1/31/2025 21:58:04.102,1500,PIC1511,CHANGE,,,PIDA.OP,38,%
1/31/2025 21:58:03.164,1500,PIC1511,CHANGE,,,PIDA.OP,37,%
1/31/2025 21:58:02.136,1500,PIC1511,CHANGE,,,PIDA.OP,36,%
1/31/2025 21:57:59.300,1500,FIC1513,PVLOLO,OK,H 00,BL1502 SUCTION,26.3042,Nm3/min
1/31/2025 21:57:52.800,1500,PI1512,PVLOLO,OK,H 00,DR1501 INSIDE,191.993,mmH2O
1/31/2025 21:57:48.800,1500,EI1506,PVLOW,OK,L 00,BL1502 CURRENT,13.8305,amp
1/31/2025 21:57:47.117,1500,FIC1513,CHANGE,,,PIDA.OP,35,%
1/31/2025 21:57:43.364,1500,FIC1512,CHANGE,,,PIDA.OP,35,%
1/31/2025 21:57:42.900,1500,TIC1514,PVLOW,OK,L 00,HE1506 DELIVERY,29.5377,DegC
1/31/2025 21:57:35.100,1500,FI1513,PVLOW,OK,J 00,BL1502 SUCTION,22.0083,Nm3/min
1/31/2025 21:57:28.370,1500,FIC1513,CHANGE,,,PIDA.OP,25,%
1/31/2025 21:57:26.516,1500,FIC1512,CHANGE,,,PIDA.OP,25,%
1/31/2025 21:57:22.858,1500,PIC1511,CHANGE,,,PIDA.OP,35,%
1/31/2025 21:57:22.758,1500,PIC1511,CHANGE,,,PIDA.OP,34,%
1/31/2025 21:57:21.153,1500,PIC1511,CHANGE,,,PIDA.OP,33,%
1/31/2025 21:57:21.149,1500,PIC1511,CHANGE,,,PIDA.OP,32,%
1/31/2025 21:57:20.641,1500,PIC1511,CHANGE,,,PIDA.OP,31,%
1/31/2025 21:57:00.600,1500,EI1507,PVLOW,OK,L 00,BL1503 CURRENT,144.032,amp
1/31/2025 21:56:58.500,1500,EI1507,PVLOLO,OK,H 00,BL1503 CURRENT,140.917,amp
1/31/2025 21:56:57.164,1500,PIC1511,CHANGE,,,PIDA.OP,30,%
1/31/2025 21:56:57.067,1500,PIC1511,CHANGE,,,PIDA.OP,29,%
1/31/2025 21:56:57.896,1500,PIC1511,CHANGE,,,PIDA.OP,28,%
1/31/2025 21:56:56.643,1500,PIC1511,CHANGE,,,PIDA.OP,27,%
1/31/2025 21:56:56.674,1500,PIC1511,CHANGE,,,PIDA.OP,26,%
1/31/2025 21:56:53.605,1500,FIC1513,CHANGE,,,PIDA.OP,15,%
1/31/2025 21:56:50.151,1500,FIC1512,CHANGE,,,PIDA.OP,15,%
1/31/2025 21:56:45.896,1500,EI1505,BAD PV,ACK,,BL1501 CURRENT,,
1/31/2025 21:56:43.341,1500,EI1506,PVLOW,ACK,,BL1502 CURRENT,,
1/31/2025 21:56:38.073,1500,EI1505,PVHIGH,ACK,,BL1501 CURRENT,,
1/31/2025 21:56:32.789,1500,EI1505,PVLOW,ACK,,BL1501 CURRENT,,
1/31/2025 21:56:28.214,1500,EI1505,PVLOLO,ACK,,BL1501 CURRENT,,
1/31/2025 21:56:25.100,01,EV_SUMM,OFFNRM,OK,J 00,Dryer Stop,OFF,
1/31/2025 21:56:23.000,1500,EI1505,PVLOLO,,H 00,BL1501 CURRENT,75.8098,amp
1/31/2025 21:56:23.000,1500,EI1505,PVLOW,,L 00,BL1501 CURRENT,75.8098,amp
1/31/2025 21:56:23.900,1500,EI1505,PVHIGH,OK,L 00,BL1501 CURRENT,75.8098,amp
1/31/2025 21:56:19.100,1500,EI1505,PVLOLO,OK,H 00,BL1501 CURRENT,218.938,amp
1/31/2025 21:56:19.100,1500,EI1505,PVLOW,OK,L 00,BL1501 CURRENT,218.938,amp
1/31/2025 21:56:19.000,1500,EI1505,PVHIGH,,L 00,BL1501 CURRENT,218.938,amp
1/31/2025 21:56:19.900,1500,EI1505,BAD PV,OK,L 00,BL1501 CURRENT,218.938,amp
1/31/2025 21:56:18.600,1500,EI1506,PVLOW,,L 00,BL1502 CURRENT,13.2859,amp
1/31/2025 21:56:18.100,1500,EI1505,BAD PV,,L 00,BL1501 CURRENT,,amp
1/31/2025 21:56:18.200,1500,FI1513,PVLOLO,OK,J 00,BL1502 SUCTION,21.0778,Nm3/min
1/31/2025 21:56:02.617,1500,PIC1511,CHANGE,,,PIDA.OP,25,%
1/31/2025 21:56:01.875,1500,PIC1511,CHANGE,,,PIDA.OP,24,%
1/31/2025 21:56:00.540,1500,PIC1511,CHANGE,,,PIDA.OP,23,%
1/31/2025 21:56:00.453,1500,PIC1511,CHANGE,,,PIDA.OP,22,%
1/31/2025 21:55:59.178,1500,PIC1511,CHANGE,,,PIDA.OP,21,%
1/31/2025 21:55:48.800,1500,PI1515PV,OFFNRM,OK,L 00,DR 1501(PLUG FLOW)PRESS,OFF,
1/31/2025 21:55:47.900,1500,PI1515,PVLOW,OK,L 00,DR1501 INSIDE,332.16,mmH2O
1/31/2025 21:55:47.600,1500,FIC1513,BAD PV,OK,L 00,BL1502 SUCTION,-5.01084,Nm3/min
1/31/2025 21:55:45.200,1500,PI1515,PVLOLO,OK,H 00,DR1501 INSIDE,295.211,mmH2O
1/31/2025 21:55:44.698,1500,EI1506,BAD PV,ACK,,BL1502 CURRENT,,
1/31/2025 21:55:43.500,1500,PI1514,PVLOW,OK,L 00,DR1501 INSIDE,211.569,mmH2O
1/31/2025 21:55:42.500,1500,EI1506,PVLOW,OK,L 00,BL1502 CURRENT,14.8395,amp
1/31/2025 21:55:42.400,1500,EI1506,BAD PV,OK,L 00,BL1502 CURRENT,14.8395,amp
1/31/2025 21:55:42.200,1500,PDI1523,PVLOW,OK,L 00,DR1501 PF,144.433,mmH2O
1/31/2025 21:55:42.300,1500,PI1514,PVLOLO,OK,H 00,DR1501 INSIDE,135.57,mmH2O
1/31/2025 21:55:39.300,1500,EI1506,BAD PV,,L 00,BL1502 CURRENT,,amp
1/31/2025 21:47:02.800,1500,FL1502,OFFNRM,OK,L 00,FL1502 1ST SCREEN,RUN,
1/31/2025 21:45:58.516,8100,AI_PH10,PVHIHI,ACK,,EFFULUENT CHANEL OLD W/S,,
1/31/2025 21:45:48.900,8100,AI_PH10,PVHIHI,,H 00,EFFULUENT CHANEL OLD W/S,9.94104,pH
1/31/2025 21:45:17.900,8100,AI_PH10,PVLOLO,OK,H 00,EFFULUENT CHANEL OLD W/S,7.5868,pH
1/31/2025 21:42:00.016,1500,FIC1513,CHANGE,,,PIDA.OP,5,%
1/31/2025 21:42:00.404,1500,FIC1513,CHANGE,,,PIDA.OP,6,%
1/31/2025 21:41:59.336,1500,FIC1513,CHANGE,,,PIDA.OP,7,%
1/31/2025 21:41:59.141,1500,FIC1513,CHANGE,,,PIDA.OP,8,%
1/31/2025 21:41:59.998,1500,FIC1513,CHANGE,,,PIDA.OP,9,%
1/31/2025 21:41:50.509,1500,FIC1512,CHANGE,,,PIDA.OP,5,%
1/31/2025 21:41:50.180,1500,FIC1512,CHANGE,,,PIDA.OP,6,%
1/31/2025 21:41:49.357,1500,FIC1512,CHANGE,,,PIDA.OP,7,%
1/31/2025 21:41:49.401,1500,FIC1512,CHANGE,,,PIDA.OP,8,%
1/31/2025 21:41:49.582,1500,FIC1512,CHANGE,,,PIDA.OP,9,%
1/31/2025 21:39:55.493,1500,EI1507,PVLOLO,ACK,,BL1503 CURRENT,,
1/31/2025 21:39:47.700,1500,EI1507,PVLOLO,,H 00,BL1503 CURRENT,132.795,amp
1/31/2025 21:39:45.947,1500,PIC1511,CHANGE,,,PIDA.OP,20,%
1/31/2025 21:31:47.552,1500,PDI1523,PVLOW,ACK,,DR1501 PF,,
1/31/2025 21:31:45.404,1500,EI1507,PVLOW,ACK,,BL1503 CURRENT,,
1/31/2025 21:31:39.900,1500,EI1507,PVLOW,,L 00,BL1503 CURRENT,139.808,amp
1/31/2025 21:31:17.363,1500,PIC1511,CHANGE,,,PIDA.OP,30,%
1/31/2025 21:30:57.978,1500,PIC1511,CHANGE,,,PIDA.OP,40,%
1/31/2025 21:30:45.606,1500,PIC1511,CHANGE,,,PIDA.OP,50,%
1/31/2025 21:30:36.900,8700,AI8102,PVHIGH,OK,H 00,PT8705 PH,8.157,ph
1/31/2025 21:30:29.581,1500,PIC1511,CHANGE,,,PIDA.OP,60,%
1/31/2025 21:27:05.200,1500,PDI1523,PVLOW,,L 00,DR1501 PF,12.3038,mmH2O
1/31/2025 21:21:00.959,1500,PIC1511,CHANGE,,,PIDA.OP,70,%
1/31/2025 21:20:54.305,1500,PIC1511,CHANGE,,,PIDA.OP,69,%
1/31/2025 21:20:45.438,1500,PIC1511,CHANGE,,,PIDA.OP,68,%
1/31/2025 21:20:44.218,1500,PIC1511,CHANGE,,,PIDA.OP,67,%
1/31/2025 21:20:43.760,1500,PIC1511,CHANGE,,,PIDA.OP,66,%
1/31/2025 21:10:22.500,8400,FI8107PV,OFFNRM,OK,L 00,COOLING TOWER LOW LEVEL,OFF,
1/31/2025 21:07:41.133,8400,FI8107PV,OFFNRM,ACK,,COOLING TOWER LOW LEVEL,,
1/31/2025 21:07:38.422,8100,AI_PH10,PVLOLO,ACK,,EFFULUENT CHANEL OLD W/S,,
1/31/2025 21:07:27.192,1500,PIC1511,CHANGE,,,PIDA.OP,65,%
1/31/2025 21:05:41.693,1500,PIC1511,CHANGE,,,PIDA.OP,60,%
1/31/2025 21:05:24.723,1500,PIC1511,CHANGE,,,PIDA.OP,55,%
1/31/2025 21:04:30.542,1500,PIC1511,CHANGE,,,PIDA.OP,60,%
1/31/2025 21:02:43.430,1500,PIC1511,CHANGE,,,PIDA.OP,55,%
1/31/2025 20:59:56.148,1500,PIC1511,CHANGE,,,PIDA.OP,50,%
1/31/2025 20:58:46.950,1500,PIC1511,CHANGE,,,PIDA.OP,45,%
1/31/2025 20:57:43.142,1500,PIC1511,CHANGE,,,PIDA.OP,40,%
1/31/2025 20:56:14.193,1500,PIC1511,CHANGE,,,PIDA.OP,35,%
1/31/2025 20:55:24.263,1800,XS1801CT_CM,MESSAGE,CNF,,RESTART OK?,,
1/31/2025 20:55:17.736,1800,XS1801CT_CM,MESSAGE,ACK,,9-6 XS1801CT STOP COND MESSAGE,,
1/31/2025 20:55:17.736,1800,XS1801CT_CM,MESSAGE,ACK,,RESTART OK?,,
1/31/2025 20:55:04.807,1500,PIC1511,PVHIGH,ACK,,DR1501 TOP,,
1/31/2025 20:54:57.800,1500,PIC1511,PVHIGH,,L 00,DR1501 TOP,11.5623,mmH2O
1/31/2025 20:54:25.100,8100,AI_PH10,PVLOLO,,H 00,EFFULUENT CHANEL OLD W/S,2.53886,pH
1/31/2025 20:54:22.300,1500,PIC1511,PVHIGH,OK,L 00,DR1501 TOP,-22.2886,mmH2O
1/31/2025 20:54:20.748,1500,PIC1511,PVHIGH,ACK,,DR1501 TOP,,
1/31/2025 20:54:11.400,1500,PIC1511,PVHIGH,,L 00,DR1501 TOP,-3.94173,mmH2O
1/31/2025 20:53:58.500,8100,AI_PH10,PVHIHI,OK,H 00,EFFULUENT CHANEL OLD W/S,8.63465,pH
1/31/2025 20:51:25.300,8400,FI8107PV,OFFNRM,,L 00,COOLING TOWER LOW LEVEL,ON,
1/31/2025 20:51:10.500,1500,EI1507,PVLOW,OK,L 00,BL1503 CURRENT,144.003,amp
1/31/2025 20:49:38.100,1500,EI1507,PVLOLO,OK,H 00,BL1503 CURRENT,141.137,amp
1/31/2025 20:49:35.369,1500,PIC1511,CHANGE,,,PIDA.OP,30,%
1/31/2025 20:48:33.000,1500,PIC1511,PVHIGH,OK,L 00,DR1501 TOP,-15.1696,mmH2O
1/31/2025 20:48:31.037,1500,PIC1511,CHANGE,,,PIDA.OP,25,%
1/31/2025 20:45:12.100,1500,PI1516,PVLOW,OK,L 00,SR1502 INLET,160.6,mmH2O
1/31/2025 20:45:02.610,1500,PIC1511,CHANGE,,,PIDA.OP,20,%
1/31/2025 20:41:24.200,8400,FI8107PV,OFFNRM,OK,L 00,COOLING TOWER LOW LEVEL,OFF,
1/31/2025 20:40:53.000,1500,LI1501B,PVHIHI,OK,H 00,VE1501B,8.37732,m
1/31/2025 20:39:26.108,1500,EI1507,BAD PV,ACK,,BL1503 CURRENT,,
1/31/2025 20:39:25.951,1500,EI1507,PVLOW,ACK,,BL1503 CURRENT,,
1/31/2025 20:39:21.289,1500,EI1507,PVHIHI,ACK,,BL1503 CURRENT,,
1/31/2025 20:39:19.031,1500,EI1507,PVLOLO,ACK,,BL1503 CURRENT,,
1/31/2025 20:39:09.600,1500,EI1507,PVLOLO,,H 00,BL1503 CURRENT,124.683,amp
1/31/2025 20:39:09.600,1500,EI1507,PVLOW,,L 00,BL1503 CURRENT,124.683,amp
1/31/2025 20:39:09.500,1500,EI1507,PVHIHI,OK,H 00,BL1503 CURRENT,124.683,amp
1/31/2025 20:39:08.800,1500,EI1507,PVLOLO,OK,H 00,BL1503 CURRENT,295.22,amp
1/31/2025 20:39:08.600,1500,EI1507,PVLOW,OK,L 00,BL1503 CURRENT,295.22,amp
1/31/2025 20:39:08.500,1500,EI1507,PVHIHI,,H 00,BL1503 CURRENT,295.22,amp
1/31/2025 20:39:08.400,1500,EI1507,BAD PV,OK,L 00,BL1503 CURRENT,295.22,amp
1/31/2025 20:39:02.700,1500,EI1507,BAD PV,,L 00,BL1503 CURRENT,,amp
1/31/2025 20:38:42.906,1500,PIC1511,CHANGE,,,PIDA.OP,10,%
1/31/2025 20:31:56.921,8400,FI8107PV,OFFNRM,ACK,,COOLING TOWER LOW LEVEL,,
1/31/2025 20:30:53.400,8400,FI8107PV,OFFNRM,,L 00,COOLING TOWER LOW LEVEL,ON,
1/31/2025 20:29:39.515,1500,FIC1513,CHANGE,,,PIDA.OP,10,%
1/31/2025 20:29:28.724,1500,FIC1512,CHANGE,,,PIDA.OP,10,%
1/31/2025 20:29:26.422,1500,FIC1512,CHANGE,,,PIDA.OP,65,%
1/31/2025 20:29:26.234,1500,FIC1512,CHANGE,,,PIDA.OP,75,%
1/31/2025 20:29:25.437,1500,FIC1512,CHANGE,,,PIDA.OP,85,%
1/31/2025 20:29:25.356,1500,FIC1512,CHANGE,,,PIDA.OP,95,%
1/31/2025 20:26:25.491,1500,PIC1511,CHANGE,,,PIDA.OP,0,%
1/31/2025 20:26:20.899,1500,PIC1511,CHANGE,,,pida.mode,MAN,
1/31/2025 20:26:19.394,1500,PIC1511,CHANGE,,,PIDA.OP,105,%
1/31/2025 20:26:15.383,1500,PIC1511,CHANGE,,,pida.mode,MAN,
1/31/2025 20:26:14.709,1500,PIC1511,CHANGE,,,PIDA.OP,75,%
1/31/2025 20:26:12.030,1500,PIC1511,CHANGE,,,pida.mode,MAN,
1/31/2025 20:26:09.400,1500,PIC1511,CHANGE,,,PIDA.OP,50,%
1/31/2025 20:26:07.253,1500,PIC1511,CHANGE,,,pida.mode,MAN,
1/31/2025 20:26:05.120,1500,PIC1511,CHANGE,,,PIDA.OP,25,%
1/31/2025 20:22:52.428,SERVER_PVC,CONSOLE STATION 3-1,LEVEL,,,Security level,Oper,
1/31/2025 20:22:52.428,SERVER_PVC,CONSOLE STATION 3-1,LEVEL,,,Security level (IKB Key Switch),View Only,
1/31/2025 20:08:35.114,SERVER_PVC,CONSOLE STATION 1-1,LEVEL,,,Security level,Oper,
1/31/2025 20:08:35.114,SERVER_PVC,CONSOLE STATION 1-1,LEVEL,,,Security level (IKB Key Switch),View Only,
1/31/2025 20:08:32.753,1500,PIC1511,CHANGE,,,pida.opHilm,70,%
1/31/2025 20:08:27.925,SERVER_PVC,CONSOLE STATION 1-1,LEVEL,,,Security level,Engr,
1/31/2025 20:08:27.925,SERVER_PVC,CONSOLE STATION 1-1,LEVEL,,,Security level (IKB Key Switch),Engr,
1/31/2025 20:02:04.963,1500,LI1501B,PVHIHI,ACK,,VE1501B,,
1/31/2025 20:01:28.100,1500,LI1501B,PVHIHI,,H 00,VE1501B,8.50134,m
1/31/2025 19:50:27.934,1500,FIC1512,CHANGE,,,pida.mode,MAN,
1/31/2025 19:47:02.962,1300,LI1308,PVHIGH,ACK,,VE1304,,
1/31/2025 19:46:59.426,1800,PIC1802,PVLOW,ACK,,VE1803,,
1/31/2025 19:46:16.900,1800,PIC1801,PVHIGH,OK,H 00,CO1801 SUCTION,-0.010893,kg/cm2G
1/31/2025 19:19:44.700,1800,PIC1802,PVLOW,,L 00,VE1803,-0.0011467,kg/cm2G
1/31/2025 19:06:21.500,8700,AI8102,PVHIHI,OK,H 00,PT8705 PH,8.85899,ph
1/31/2025 18:59:10.700,1500,EI1507,BAD PV,OK,L 00,BL1503 CURRENT,-0.143325,amp
1/31/2025 18:59:05.900,1500,EI1506,BAD PV,OK,L 00,BL1502 CURRENT,-0.832696,amp
1/31/2025 18:59:01.200,1500,EI1505,BAD PV,OK,L 00,BL1501 CURRENT,-0.143319,amp
1/31/2025 18:55:44.600,1300,LI1308,PVHIGH,,L 00,VE1304,6.50087,m
1/31/2025 18:53:29.942,1500,DI1506A,BAD PV,ACK,,CE1501A FEED DENSITY,,
1/31/2025 18:53:27.041,1500,MY1506A,BAD PV,ACK,,REJIN FEED CALC A,,
1/31/2025 18:53:25.763,1500,MIC1506A,BAD PV,ACK,,RESIN FEED A,,
1/31/2025 18:53:23.889,1500,FIC1506A,DEVLOW,ACK,,CE1501A FEED,,
1/31/2025 18:53:19.700,1500,FIC1506A,DEVLOW,,L 00,CE1501A FEED,-17.0688,t/h
1/31/2025 18:53:16.377,1500,XSV1520A,CHANGE,,,devctla.gop,S0,
1/31/2025 18:53:16.200,1500,MIC1506A,BAD PV,OK,L 00,RESIN FEED A,-0.504573,t/h
1/31/2025 18:53:13.900,1500,FIC1506A,DEVLOW,OK,L 00,CE1501A FEED,-3.62987,t/h
1/31/2025 18:53:12.500,1500,MY1506A,BAD PV,OK,L 00,REJIN FEED CALC A,-1.5987,kg/h
1/31/2025 18:53:11.700,1500,DI1506A,BAD PV,OK,L 00,CE1501A FEED DENSITY,0.948371,g/cc
1/31/2025 18:53:09.816,1500,XSV1520A,CHANGE,,,devctla.gop,S1,
1/31/2025 18:52:41.600,1500,MIC1506A,BAD PV,,L 00,RESIN FEED A,,t/h
1/31/2025 18:52:40.900,1500,MY1506A,BAD PV,,L 00,REJIN FEED CALC A,,kg/h
1/31/2025 18:52:39.000,1500,DI1506A,BAD PV,,L 00,CE1501A FEED DENSITY,,g/cc
1/31/2025 18:32:36.400,8400,FI8107PV,OFFNRM,OK,L 00,COOLING TOWER LOW LEVEL,OFF,
1/31/2025 18:29:38.586,8400,FI8107PV,OFFNRM,ACK,,COOLING TOWER LOW LEVEL,,
1/31/2025 18:27:47.000,8400,FI8107PV,OFFNRM,,L 00,COOLING TOWER LOW LEVEL,ON,
1/31/2025 18:24:04.260,8100,AI_PH10,PVHIHI,ACK,,EFFULUENT CHANEL OLD W/S,,
1/31/2025 18:23:40.600,8100,AI_PH10,PVHIHI,,H 00,EFFULUENT CHANEL OLD W/S,8.8166,pH
1/31/2025 18:12:40.684,8700,AI8102,PVHIHI,ACK,,PT8705 PH,,
1/31/2025 18:10:47.400,8700,AI8102,PVHIHI,,H 00,PT8705 PH,9.00346,ph
1/31/2025 18:10:18.000,01,EVENT_SCM2B,OFFNRM,,J 00,,ON,
1/31/2025 18:10:18.500,01,EVENT_SCM2A,OFFNRM,,J 00,,ON,
1/31/2025 18:08:11.356,8100,AI_PH10,PVLOLO,ACK,,EFFULUENT CHANEL OLD W/S,,
1/31/2025 18:06:41.148,1800,TI1802,PVLOW,ACK,,TW1802 TOP,,
1/31/2025 18:01:18.400,1800,TI1802,PVLOW,,L 00,TW1802 TOP,24.9868,DegC
1/31/2025 17:57:23.027,8700,AI8102,PVHIGH,ACK,,PT8705 PH,,
1/31/2025 17:50:47.600,8100,AI_PH10,PVLOLO,OK,H 00,EFFULUENT CHANEL OLD W/S,6.44229,pH
1/31/2025 17:49:19.500,8700,AI8102,PVHIGH,,H 00,PT8705 PH,8.30181,ph
1/31/2025 17:47:57.800,8100,AI_PH10,PVLOLO,,H 00,EFFULUENT CHANEL OLD W/S,6.2346,pH
1/31/2025 17:47:35.050,1500,PI1516,PVLOW,ACK,,SR1502 INLET,,
1/31/2025 17:46:01.300,8700,AI8102,PVLOW,OK,H 00,PT8705 PH,6.95368,ph
1/31/2025 17:43:44.000,8700,AI8102,PVLOLO,OK,U 00,PT8705 PH,6.14132,ph
1/31/2025 17:41:57.200,1500,PI1516,PVLOW,,L 00,SR1502 INLET,149.97,mmH2O
1/31/2025 17:41:35.000,8100,AI_PH10,PVHIHI,OK,H 00,EFFULUENT CHANEL OLD W/S,8.64903,pH
1/31/2025 17:39:52.537,1400,PIC1403,PVLOW,ACK,,VE1403,,
1/31/2025 17:39:49.657,1400,PIC1404,PVLOW,ACK,,HE1403 INLET,,
1/31/2025 17:39:39.500,1400,PIC1404,PVLOW,,L 00,HE1403 INLET,2.99776,kg/cm2G
1/31/2025 17:39:39.300,1400,PIC1403,PVLOW,,L 00,VE1403,2.99776,kg/cm2G
1/31/2025 17:37:25.181,8100,AI_PH10,PVLOLO,ACK,,EFFULUENT CHANEL OLD W/S,,
1/31/2025 17:37:22.220,8700,AI8102,PVLOW,ACK,,PT8705 PH,,
1/31/2025 17:37:19.053,8100,AI_PH10,PVHIHI,ACK,,EFFULUENT CHANEL OLD W/S,,
1/31/2025 17:37:16.852,8700,AI8102,PVLOLO,ACK,,PT8705 PH,,
1/31/2025 17:33:03.500,8700,AI8102,PVLOLO,,U 00,PT8705 PH,5.99083,ph
1/31/2025 17:32:59.200,8100,AI_PH10,PVHIHI,,H 00,EFFULUENT CHANEL OLD W/S,9.37581,pH
1/31/2025 17:32:29.500,8700,AI8102,PVLOW,,H 00,PT8705 PH,6.77308,ph
1/31/2025 17:32:07.400,8100,AI_PH10,PVLOLO,OK,H 00,EFFULUENT CHANEL OLD W/S,6.48477,pH
1/31/2025 17:30:49.000,8700,AI8102,PVHIGH,OK,H 00,PT8705 PH,8.15666,ph
1/31/2025 17:28:59.300,8700,AI8102,PVHIHI,OK,H 00,PT8705 PH,8.85865,ph
1/31/2025 17:27:06.400,8100,AI_PH10,PVLOLO,,H 00,EFFULUENT CHANEL OLD W/S,6.26102,pH
1/31/2025 17:26:18.985,SERVER_PVC,CONSOLE STATION 1-1,LEVEL,,,Security level,Oper,
1/31/2025 17:26:18.985,SERVER_PVC,CONSOLE STATION 1-1,LEVEL,,,Security level (IKB Key Switch),View Only,
1/31/2025 17:24:59.200,01,EVENT_SCM2A,OFFNRM,OK,J 00,,OFF,
1/31/2025 17:24:58.400,01,EVENT_SCM2A,OFFNRM,,J 00,,ON,
1/31/2025 17:21:21.286,8300,PAL8301,OFFNRM,ACK,,FIRE POMP SYSTEM,,
1/31/2025 17:21:17.310,8100,AI_PH10,PVHIHI,ACK,,EFFULUENT CHANEL OLD W/S,,
1/31/2025 17:21:13.596,8700,AI8102,PVLOW,ACK,,PT8705 PH,,
1/31/2025 17:21:01.825,8700,AI8102,PVHIGH,ACK,,PT8705 PH,,
1/31/2025 17:20:57.392,8700,AI8102,PVHIHI,ACK,,PT8705 PH,,
1/31/2025 17:20:54.922,8700,AI8102,PVLOLO,ACK,,PT8705 PH,,
1/31/2025 17:19:12.500,8700,AI8102,PVHIHI,,H 00,PT8705 PH,9.03423,ph
1/31/2025 17:19:05.800,8300,PAL8301,OFFNRM,OK,L 00,FIRE POMP SYSTEM,NORMAL,
1/31/2025 17:18:59.700,8700,AI8102,PVHIGH,,H 00,PT8705 PH,8.33692,ph
1/31/2025 17:18:57.800,8300,PAL8301,OFFNRM,,L 00,FIRE POMP SYSTEM,LOW,
1/31/2025 17:18:30.000,8700,AI8102,PVLOW,OK,H 00,PT8705 PH,6.96271,ph
1/31/2025 17:18:12.300,8700,AI8102,PVLOLO,OK,U 00,PT8705 PH,6.14935,ph
1/31/2025 17:15:44.700,8100,AI_PH10,PVHIHI,OK,H 00,EFFULUENT CHANEL OLD W/S,8.64569,pH
1/31/2025 17:11:51.400,1500,VT_BL1503,ACTIVE,,J 00,Vibration Monitoring BL1503_INBOARD,,
1/31/2025 17:11:50.236,1500,VT_BL1503,CHANGE,,,execstate,ACTIVE,
1/31/2025 17:11:42.001,SERVER_PVC,CONSOLE STATION 1-1,LEVEL,,,Security level,Engr,
1/31/2025 17:11:42.001,SERVER_PVC,CONSOLE STATION 1-1,LEVEL,,,Security level (IKB Key Switch),Engr,
1/31/2025 17:11:36.381,1500,VT_BL1503,CHANGE,,,DACA.PVSOURCE,AUTO,
1/31/2025 17:10:01.900,8700,AI8102,PVLOLO,,U 00,PT8705 PH,5.99618,ph
1/31/2025 17:09:00.500,1100,LI1107,BAD PV,,J 00,VE1101,,m
1/31/2025 17:08:59.600,1100,LI1107,BAD PV,OK,J 00,VE1101,-0.113513,m
1/31/2025 17:06:54.100,8700,AI8102,PVLOW,,H 00,PT8705 PH,6.79449,ph
1/31/2025 17:06:08.700,8100,AI_PH10,PVHIHI,,H 00,EFFULUENT CHANEL OLD W/S,8.80757,pH
1/31/2025 17:04:46.200,1100,LI1107,BAD PV,,J 00,VE1101,,m
1/31/2025 17:04:45.300,1100,LI1107,BAD PV,OK,J 00,VE1101,-0.115997,m
1/31/2025 17:04:36.500,1100,LI1107,BAD PV,,J 00,VE1101,,m
1/31/2025 17:04:35.400,1100,LI1107,BAD PV,OK,J 00,VE1101,-0.115902,m
1/31/2025 17:04:01.400,1100,LI1107,BAD PV,,J 00,VE1101,,m
1/31/2025 17:04:00.300,1100,LI1107,BAD PV,OK,J 00,VE1101,-0.11552,m
1/31/2025 17:03:54.600,8700,AI8102,PVLOW,OK,H 00,PT8705 PH,6.94097,ph
1/31/2025 17:03:16.300,1100,LI1107,BAD PV,,J 00,VE1101,,m
1/31/2025 17:03:15.300,1100,LI1107,BAD PV,OK,J 00,VE1101,-0.114755,m
1/31/2025 17:02:41.100,1100,LI1107,BAD PV,,J 00,VE1101,,m
1/31/2025 17:02:39.200,1100,LI1107,BAD PV,OK,J 00,VE1101,-0.112366,m
1/31/2025 17:02:15.000,1100,LI1107,BAD PV,,J 00,VE1101,,m
1/31/2025 17:02:14.100,1100,LI1107,BAD PV,OK,J 00,VE1101,-0.115711,m
1/31/2025 17:02:13.400,1100,LI1107,BAD PV,,J 00,VE1101,,m
1/31/2025 17:02:12.500,1100,LI1107,BAD PV,OK,J 00,VE1101,-0.114469,m
1/31/2025 17:02:10.100,1100,LI1107,BAD PV,,J 00,VE1101,,m
1/31/2025 17:02:08.200,1100,LI1107,BAD PV,OK,J 00,VE1101,-0.114755,m
1/31/2025 17:02:07.300,1100,LI1107,BAD PV,,J 00,VE1101,,m
1/31/2025 17:02:06.200,1100,LI1107,BAD PV,OK,J 00,VE1101,-0.115711,m
1/31/2025 17:01:35.000,1100,LI1107,BAD PV,,J 00,VE1101,,m
1/31/2025 17:01:34.400,1100,LI1107,BAD PV,OK,J 00,VE1101,-0.115902,m
1/31/2025 17:01:24.500,1100,LI1107,BAD PV,,J 00,VE1101,,m
1/31/2025 17:01:23.600,1100,LI1107,BAD PV,OK,J 00,VE1101,-0.114278,m
1/31/2025 17:01:21.900,1100,LI1107,BAD PV,,J 00,VE1101,,m
1/31/2025 17:01:20.600,1100,LI1107,BAD PV,OK,J 00,VE1101,-0.111698,m
1/31/2025 17:00:26.500,1100,LI1107,BAD PV,,J 00,VE1101,,m
1/31/2025 17:00:25.200,1100,LI1107,BAD PV,OK,J 00,VE1101,-0.112749,m
1/31/2025 17:00:20.600,1100,LI1107,BAD PV,,J 00,VE1101,,m
1/31/2025 17:00:19.700,1100,LI1107,BAD PV,OK,J 00,VE1101,-0.112844,m
1/31/2025 16:59:43.300,1100,LI1107,BAD PV,,J 00,VE1101,,m
1/31/2025 16:59:42.200,1100,LI1107,BAD PV,OK,J 00,VE1101,-0.114086,m
1/31/2025 16:59:41.400,1100,LI1107,BAD PV,,J 00,VE1101,,m
1/31/2025 16:59:40.200,1100,LI1107,BAD PV,OK,J 00,VE1101,-0.113895,m
1/31/2025 16:59:37.300,1100,LI1107,BAD PV,,J 00,VE1101,,m
1/31/2025 16:59:36.400,1100,LI1107,BAD PV,OK,J 00,VE1101,-0.115424,m
1/31/2025 16:59:35.700,1100,LI1107,BAD PV,,J 00,VE1101,,m
1/31/2025 16:59:34.300,1100,LI1107,BAD PV,OK,J 00,VE1101,-0.114851,m
1/31/2025 16:59:33.600,1100,LI1107,BAD PV,,J 00,VE1101,,m
1/31/2025 16:59:31.600,1100,LI1107,BAD PV,OK,J 00,VE1101,-0.115329,m
1/31/2025 16:59:13.646,8100,AI_PH10,PVLOLO,ACK,,EFFULUENT CHANEL OLD W/S,,
1/31/2025 16:59:07.700,1100,LI1107,BAD PV,,J 00,VE1101,,m
1/31/2025 16:59:06.700,1100,LI1107,BAD PV,OK,J 00,VE1101,-0.115806,m
1/31/2025 16:59:02.700,1100,LI1107,BAD PV,,J 00,VE1101,,m
1/31/2025 16:58:59.100,1100,LI1107,BAD PV,OK,J 00,VE1101,-0.115997,m
1/31/2025 16:58:58.900,1100,LI1107,BAD PV,,J 00,VE1101,,m
1/31/2025 16:58:57.800,1100,LI1107,BAD PV,OK,J 00,VE1101,-0.115902,m
1/31/2025 16:58:56.800,1100,LI1107,BAD PV,,J 00,VE1101,,m
1/31/2025 16:58:53.000,1100,LI1107,BAD PV,OK,J 00,VE1101,-0.113991,m
1/31/2025 16:58:51.900,1100,LI1107,BAD PV,,J 00,VE1101,,m
1/31/2025 16:58:49.900,1100,LI1107,BAD PV,OK,J 00,VE1101,-0.114851,m
1/31/2025 16:58:32.200,1100,LI1107,BAD PV,,J 00,VE1101,,m
1/31/2025 16:58:20.200,1100,LI1107,BAD PV,OK,J 00,VE1101,-0.114086,m
1/31/2025 16:58:19.200,1100,LI1107,BAD PV,,J 00,VE1101,,m
1/31/2025 16:58:13.300,1100,LI1107,BAD PV,OK,J 00,VE1101,-0.114755,m
1/31/2025 16:58:12.300,1100,LI1107,BAD PV,,J 00,VE1101,,m
1/31/2025 16:58:00.700,1100,LI1107,BAD PV,OK,J 00,VE1101,-0.115137,m
1/31/2025 16:57:59.600,1100,LI1107,BAD PV,,J 00,VE1101,,m
1/31/2025 16:57:43.800,1100,LI1107,BAD PV,OK,J 00,VE1101,-0.114851,m
1/31/2025 16:57:42.900,1100,LI1107,BAD PV,,J 00,VE1101,,m
1/31/2025 16:57:40.400,1100,LI1107,BAD PV,OK,J 00,VE1101,-0.114182,m
1/31/2025 16:57:38.100,1100,LI1107,BAD PV,,J 00,VE1101,,m
1/31/2025 16:57:04.400,1100,LI1107,BAD PV,OK,J 00,VE1101,-0.114278,m
1/31/2025 16:57:03.600,1100,LI1107,BAD PV,,J 00,VE1101,,m
1/31/2025 16:56:53.600,1100,LI1107,BAD PV,OK,J 00,VE1101,-0.109213,m
1/31/2025 16:56:51.100,1100,LI1107,BAD PV,,J 00,VE1101,,m
1/31/2025 16:48:57.300,8700,AI8102,PVLOLO,OK,U 00,PT8705 PH,6.14099,ph
1/31/2025 16:46:59.606,1800,PT1805,PVLOW,ACK,,VE 1802 PRESSURE,,
1/31/2025 16:46:16.400,1800,PT1805,PVLOW,,L 00,VE 1802 PRESSURE,1.98333,kg/cm2
1/31/2025 16:45:33.200,1800,PT1805,PVLOW,OK,L 00,VE 1802 PRESSURE,2.30047,kg/cm2
1/31/2025 16:43:25.300,1800,PT1805,PVLOW,,L 00,VE 1802 PRESSURE,1.98123,kg/cm2
1/31/2025 16:42:41.729,1800,TIC1801,PVLOW,ACK,,VE1802,,
1/31/2025 16:42:25.800,1800,TIC1801,PVLOW,,L 00,VE1802,34.9697,DegC
1/31/2025 16:40:19.400,1800,PT1805,PVLOW,OK,L 00,VE 1802 PRESSURE,2.17146,kg/cm2
1/31/2025 16:39:54.800,8100,AI_PH10,PVLOLO,OK,H 00,EFFULUENT CHANEL OLD W/S,6.44229,pH
1/31/2025 16:38:58.237,1800,FAL1804,OFFNRM,ACK,,CO1802 SEAL,,
1/31/2025 16:38:49.600,1800,FAL1804,OFFNRM,OK,L 00,CO1802 SEAL,NORMAL,
1/31/2025 16:38:46.800,1800,FAL1804,OFFNRM,,L 00,CO1802 SEAL,LOW,
1/31/2025 16:38:45.800,1800,FAL1804,OFFNRM,OK,L 00,CO1802 SEAL,NORMAL,
1/31/2025 16:38:01.400,8100,AI_PH10,PVLOLO,,H 00,EFFULUENT CHANEL OLD W/S,6.21286,pH
1/31/2025 16:36:44.792,1800,FAL1804,OFFNRM,ACK,,CO1802 SEAL,,
1/31/2025 16:36:40.383,1800,PT1805,PVLOW,ACK,,VE 1802 PRESSURE,,
1/31/2025 16:36:37.900,1800,PIC1801,PVHIGH,ACK,,CO1801 SUCTION,,
1/31/2025 16:36:29.500,1800,PIC1801,PVHIGH,,H 00,CO1801 SUCTION,0.152119,kg/cm2G
1/31/2025 16:36:24.200,1800,PT1805,PVLOW,,L 00,VE 1802 PRESSURE,1.9045,kg/cm2
1/31/2025 16:36:16.600,1800,PT1805,PVLOW,OK,L 00,VE 1802 PRESSURE,2.72036,kg/cm2
1/31/2025 16:36:16.600,1800,FAL1804,OFFNRM,,L 00,CO1802 SEAL,LOW,
1/31/2025 16:36:13.300,1800,PT1805,PVLOW,,L 00,VE 1802 PRESSURE,1.96782,kg/cm2
1/31/2025 16:36:09.700,1800,XS1801CT_CM,CONFIRMABLE MESSAGE,,,RESTART OK?,,
1/31/2025 16:36:08.700,1800,XS1801CT,State Change,,J 00,SCM,Held,
1/31/2025 16:36:08.400,1800,XS1801CT_CM,INFORMATION MESSAGE,,,9-6 XS1801CT STOP COND MESSAGE,,
1/31/2025 16:36:06.700,1800,XS1801CT,State Change,,J 00,SCM,Holding,
1/31/2025 16:35:52.800,1300,PI1301B,INACTV,,J 00,RE1301B,,
1/31/2025 16:35:51.633,1300,PI1301B,CHANGE,,,execstate,INACTIVE,
1/31/2025 16:35:49.424,1300,PI1301B,CHANGE,,,daca.pvsource,MAN,
1/31/2025 16:35:40.576,SERVER_PVC,CONSOLE STATION 3-1,LEVEL,,,Security level,Engr,
1/31/2025 16:35:40.576,SERVER_PVC,CONSOLE STATION 3-1,LEVEL,,,Security level (IKB Key Switch),Engr,
1/31/2025 16:35:06.000,8100,AI_PH10,PVHIHI,OK,H 00,EFFULUENT CHANEL OLD W/S,8.65639,pH
1/31/2025 16:31:01.538,8100,AI_PH10,PVHIHI,ACK,,EFFULUENT CHANEL OLD W/S,,
1/31/2025 16:30:49.400,8100,AI_PH10,PVHIHI,,H 00,EFFULUENT CHANEL OLD W/S,8.81091,pH
1/31/2025 16:29:05.700,8400,FI8107PV,OFFNRM,OK,L 00,COOLING TOWER LOW LEVEL,OFF,
1/31/2025 16:28:50.315,8700,AI8102,PVLOW,ACK,,PT8705 PH,,
1/31/2025 16:28:48.313,8100,AI_PH10,PVHIHI,ACK,,EFFULUENT CHANEL OLD W/S,,
1/31/2025 16:28:44.646,8700,AI8102,PVLOLO,ACK,,PT8705 PH,,
1/31/2025 16:27:44.300,8100,AI_PH10,PVHIHI,OK,H 00,EFFULUENT CHANEL OLD W/S,8.64971,pH
1/31/2025 16:25:31.100,8100,AI_PH10,PVHIHI,,H 00,EFFULUENT CHANEL OLD W/S,8.86944,pH
1/31/2025 16:23:50.200,8100,AI_PH10,PVLOLO,OK,H 00,EFFULUENT CHANEL OLD W/S,6.47039,pH
1/31/2025 16:21:34.100,8700,AI8102,PVLOLO,,U 00,PT8705 PH,5.9731,ph
1/31/2025 16:21:11.500,8700,AI8102,PVLOW,,H 00,PT8705 PH,6.79148,ph
1/31/2025 16:18:56.672,1500,FIC1506A,DEVLOW,ACK,,CE1501A FEED,,
1/31/2025 16:18:54.900,1500,MIC1506A,BAD PV,OK,L 00,RESIN FEED A,-0.0830411,t/h
1/31/2025 16:18:52.000,1500,MY1506A,BAD PV,OK,L 00,REJIN FEED CALC A,-0.763419,kg/h
1/31/2025 16:18:52.400,1500,FIC1506A,DEVLOW,,L 00,CE1501A FEED,-17.3157,t/h
1/31/2025 16:18:52.200,1500,DI1506A,BAD PV,OK,L 00,CE1501A FEED DENSITY,0.954825,g/cc
1/31/2025 16:18:49.161,1500,XSV1520A,CHANGE,,,devctla.gop,S0,
1/31/2025 16:18:43.700,1500,FIC1506A,DEVLOW,OK,L 00,CE1501A FEED,-2.71786,t/h
1/31/2025 16:18:39.477,1500,XSV1520A,CHANGE,,,devctla.gop,S1,
1/31/2025 16:09:06.886,8400,FI8107PV,OFFNRM,ACK,,COOLING TOWER LOW LEVEL,,
1/31/2025 16:08:33.800,8400,FI8107PV,OFFNRM,,L 00,COOLING TOWER LOW LEVEL,ON,
1/31/2025 16:08:20.183,8800,XANG401,OFFNRM,ACK,,MCC (NG401),,
1/31/2025 16:05:17.000,Controllers,C300_03,DIAG,OK,H 15,Not Using Configured Time Source,,
1/31/2025 16:05:17.900,Controllers,C300_03,DIAG,OK,H 15,SNTP Failed,,
1/31/2025 16:05:17.900,Controllers,C300_03,DIAG,,J 00,Time Source Changed,SNTP,
1/31/2025 16:05:07.945,1500,FIC1513,BAD PV,ACK,,BL1502 SUCTION,,
1/31/2025 16:05:04.375,Controllers,C300_03,DIAG,ACK,,Not Using Configured Time Source,,
1/31/2025 16:04:49.500,Controllers,C300_02,DIAG,OK,H 15,Not Using Configured Time Source,,
1/31/2025 16:04:49.400,Controllers,C300_02,DIAG,OK,H 15,SNTP Failed,,
1/31/2025 16:04:49.300,Controllers,C300_02,DIAG,,J 00,Time Source Changed,SNTP,
1/31/2025 16:04:38.800,8700,AI8102,PVLOW,OK,H 00,PT8705 PH,6.94097,ph
1/31/2025 16:04:38.500,Controllers,C300_04,DIAG,OK,H 15,Not Using Configured Time Source,,
1/31/2025 16:04:38.300,Controllers,C300_04,DIAG,OK,H 15,SNTP Failed,,
1/31/2025 16:04:38.300,Controllers,C300_04,DIAG,,J 00,Time Source Changed,SNTP,
1/31/2025 16:04:36.600,Controllers,C300_01,DIAG,OK,H 15,Not Using Configured Time Source,,
1/31/2025 16:04:36.600,Controllers,C300_01,DIAG,OK,H 15,SNTP Failed,,
1/31/2025 16:04:36.500,Controllers,C300_01,DIAG,,J 00,Time Source Changed,SNTP,
1/31/2025 16:04:35.600,Controllers,C300_05,DIAG,OK,H 15,Not Using Configured Time Source,,
1/31/2025 16:04:35.600,Controllers,C300_05,DIAG,OK,H 15,SNTP Failed,,
1/31/2025 16:04:35.500,Controllers,C300_05,DIAG,,J 00,Time Source Changed,SNTP,
1/31/2025 16:04:29.300,1500,FIC1513,BAD PV,,L 00,BL1502 SUCTION,,Nm3/min
1/31/2025 16:02:17.000,Controllers,C300_03,DIAG,,H 15,Not Using Configured Time Source,,
1/31/2025 16:02:17.900,Controllers,C300_03,DIAG,,J 00,Time Source Changed,CDA,
1/31/2025 16:01:58.470,Controllers,C300_02,DIAG,ACK,,Not Using Configured Time Source,,
1/31/2025 16:01:49.100,Controllers,C300_02,DIAG,,H 15,Not Using Configured Time Source,,
1/31/2025 16:01:49.100,Controllers,C300_02,DIAG,,J 00,Time Source Changed,CDA,
1/31/2025 16:01:48.882,Controllers,C300_01,DIAG,ACK,,Not Using Configured Time Source,,
1/31/2025 16:01:45.735,Controllers,C300_05,DIAG,ACK,,Not Using Configured Time Source,,
1/31/2025 16:01:43.104,Controllers,C300_04,DIAG,ACK,,Not Using Configured Time Source,,
1/31/2025 16:01:40.500,Controllers,C300_04,DIAG,,H 15,Not Using Configured Time Source,,
1/31/2025 16:01:40.200,Controllers,C300_04,DIAG,,J 00,Time Source Changed,CDA,
1/31/2025 16:01:37.900,Controllers,C300_05,DIAG,,H 15,Not Using Configured Time Source,,
1/31/2025 16:01:37.900,Controllers,C300_05,DIAG,,J 00,Time Source Changed,CDA,
1/31/2025 16:01:36.800,Controllers,C300_01,DIAG,,H 15,Not Using Configured Time Source,,
1/31/2025 16:01:36.800,Controllers,C300_01,DIAG,,J 00,Time Source Changed,CDA,
1/31/2025 16:01:31.218,Controllers,C300_03,DIAG,ACK,,SNTP Failed,,
1/31/2025 16:01:17.800,Controllers,C300_03,DIAG,,H 15,SNTP Failed,,
1/31/2025 16:01:01.557,Controllers,C300_05,DIAG,ACK,,SNTP Failed,,
1/31/2025 16:00:59.717,Controllers,C300_01,DIAG,ACK,,SNTP Failed,,
1/31/2025 16:00:57.836,Controllers,C300_02,DIAG,ACK,,SNTP Failed,,
1/31/2025 16:00:49.900,Controllers,C300_02,DIAG,,H 15,SNTP Failed,,
1/31/2025 16:00:48.269,Controllers,C300_04,DIAG,ACK,,SNTP Failed,,
1/31/2025 16:00:38.300,Controllers,C300_04,DIAG,,H 15,SNTP Failed,,
1/31/2025 16:00:36.200,Controllers,C300_01,DIAG,,H 15,SNTP Failed,,
1/31/2025 16:00:35.200,Controllers,C300_05,DIAG,,H 15,SNTP Failed,,
1/31/2025 15:52:49.900,8700,AI8102,PVLOLO,OK,U 00,PT8705 PH,6.14099,ph
1/31/2025 15:47:39.600,8800,LAMP_RST,OFFNRM,OK,J 00,EMERGENCY PANEL LAMP RESET BUTTON,OFF,
1/31/2025 15:47:38.600,8800,LAMP_RST,OFFNRM,,J 00,EMERGENCY PANEL LAMP RESET BUTTON,ON,
1/31/2025 15:47:34.900,8800,SOUND_STP,OFFNRM,OK,J 00,EMERGENCY PANEL SOUND STOP BUTTON,OFF,
1/31/2025 15:47:31.900,8800,SOUND_STP,OFFNRM,,J 00,EMERGENCY PANEL SOUND STOP BUTTON,ON,
1/31/2025 15:47:01.300,8800,XANG401,OFFNRM,OK,L 00,MCC (NG401),NORMAL,
1/31/2025 15:46:46.000,8800,XANG401,OFFNRM,,L 00,MCC (NG401),ALARM,
1/31/2025 15:45:53.600,1500,EI1504A1,PVHIGH,OK,L 00,CE1501A CURRENT,158.404,amp
1/31/2025 15:45:12.699,1500,EI1504A1,BAD PV,ACK,,CE1501A CURRENT,,
1/31/2025 15:45:08.774,1500,EI1504A1,PVHIGH,ACK,,CE1501A CURRENT,,
1/31/2025 15:44:54.800,1500,CE1501A2,OFFNRM,OK,H 00,FORWARD DRIVE,RUN,
1/31/2025 15:44:53.100,1500,EI1504A1,PVLOW,OK,L 00,CE1501A CURRENT,268.61,amp
1/31/2025 15:44:53.000,1500,EI1504A1,PVHIGH,,L 00,CE1501A CURRENT,268.61,amp
1/31/2025 15:44:53.900,1500,EI1504A1,BAD PV,OK,L 00,CE1501A CURRENT,268.61,amp
1/31/2025 15:44:53.500,1500,CE1501A1,OFFNRM,OK,H 00,CENTRIFUGE,RUN,
1/31/2025 15:44:52.700,1500,EI1504A1,BAD PV,,L 00,CE1501A CURRENT,,amp
1/31/2025 15:41:51.107,1400,PIC1403,PVLOW,ACK,,VE1403,,
1/31/2025 15:41:49.876,1400,PIC1404,PVLOW,ACK,,HE1403 INLET,,
1/31/2025 15:40:00.900,1800,TI1802,PVLOW,OK,L 00,TW1802 TOP,26.5132,DegC
1/31/2025 15:38:17.667,1500,XSV1501,CHANGE,,,devctla.gop,S0,
1/31/2025 15:38:04.438,1500,XSV1502,CHANGE,,,devctla.gop,S1,
1/31/2025 15:31:45.200,1400,PIC1404,PVLOW,OK,L 00,HE1403 INLET,3.11147,kg/cm2G
1/31/2025 15:31:44.100,1400,PIC1403,PVLOW,OK,L 00,VE1403,3.11147,kg/cm2G
1/31/2025 15:29:36.854,1300,XSV1398,CHANGE,,,devctla.gop,S0,
1/31/2025 15:29:32.016,1300,XSV1386,CHANGE,,,devctla.gop,S0,
1/31/2025 15:28:34.015,1300,XSV1386,CHANGE,,,devctla.gop,S1,
1/31/2025 15:28:25.147,1300,XSV1385,CHANGE,,,devctla.gop,S0,
1/31/2025 15:28:21.329,1300,PU1302,CHANGE,,,devctla.gop,S0,
1/31/2025 15:28:05.700,1300,LI1308,PVHIGH,OK,L 00,VE1304,6.39456,m
1/31/2025 15:26:47.942,1300,PU1302,CHANGE,,,devctla.gop,S1,
1/31/2025 15:26:45.900,1400,PIC1404,PVLOW,,L 00,HE1403 INLET,2.99933,kg/cm2G
1/31/2025 15:26:44.200,1400,PIC1403,PVLOW,,L 00,VE1403,2.99933,kg/cm2G
1/31/2025 15:25:58.331,1300,XSV1385,CHANGE,,,devctla.gop,S1,
1/31/2025 15:25:53.398,1300,XSV1398,CHANGE,,,devctla.gop,S1,
1/31/2025 15:25:27.947,1700,HC1701,CHANGE,,,automana.op,0,%
1/31/2025 15:19:08.299,1500,LI1501B,PVHIGH,ACK,,VE1501B,,
1/31/2025 15:18:58.300,1500,LI1501B,PVHIGH,,L 00,VE1501B,7.90185,m
1/31/2025 15:17:53.263,1700,FI1701,PVLOW,ACK,,DR1501 JACKET INLET,,
1/31/2025 15:17:49.696,1700,FI1701,PVLOLO,ACK,,DR1501 JACKET INLET,,
1/31/2025 15:17:45.100,1700,FI1701,PVLOLO,OK,H 00,DR1501 JACKET INLET,41.9463,m3/h
1/31/2025 15:17:45.000,1700,FI1701,PVLOW,OK,L 00,DR1501 JACKET INLET,41.9463,m3/h
1/31/2025 15:17:43.100,1700,FI1701,PVLOLO,,H 00,DR1501 JACKET INLET,12.3051,m3/h
1/31/2025 15:17:43.000,1700,FI1701,PVLOW,,L 00,DR1501 JACKET INLET,12.3051,m3/h
1/31/2025 15:17:09.794,1500,XSV1502,CHANGE,,,devctla.gop,S0,
1/31/2025 15:16:54.500,1500,EI1504A2,BAD PV,OK,L 00,CE1501A CURRENT,0.00358298,amp
1/31/2025 15:16:42.600,1700,FI1701,PVLOLO,OK,H 00,DR1501 JACKET INLET,40.3364,m3/h
1/31/2025 15:16:42.500,1700,FI1701,PVLOW,OK,L 00,DR1501 JACKET INLET,40.3364,m3/h
1/31/2025 15:16:42.000,1500,EI1504A1,BAD PV,OK,L 00,CE1501A CURRENT,-0.172001,amp
1/31/2025 15:16:31.800,1700,FI1701,PVLOLO,,H 00,DR1501 JACKET INLET,6.32635,m3/h
1/31/2025 15:16:31.700,1700,FI1701,PVLOW,,L 00,DR1501 JACKET INLET,6.32635,m3/h
1/31/2025 15:15:46.928,1500,XSV1501,CHANGE,,,devctla.gop,S1,
1/31/2025 15:15:29.500,1700,FI1701,PVLOLO,OK,H 00,DR1501 JACKET INLET,42.9653,m3/h
1/31/2025 15:15:29.500,1700,FI1701,PVLOW,OK,L 00,DR1501 JACKET INLET,42.9653,m3/h
1/31/2025 15:15:21.800,1700,FI1701,PVLOLO,,H 00,DR1501 JACKET INLET,6.37795,m3/h
1/31/2025 15:15:21.700,1700,FI1701,PVLOW,,L 00,DR1501 JACKET INLET,6.37795,m3/h
1/31/2025 15:14:41.764,1700,FI1701,PVLOW,ACK,,DR1501 JACKET INLET,,
1/31/2025 15:14:39.067,1700,FI1701,PVLOLO,ACK,,DR1501 JACKET INLET,,
1/31/2025 15:14:19.100,1700,FI1701,PVLOLO,OK,H 00,DR1501 JACKET INLET,42.3165,m3/h
1/31/2025 15:14:19.000,1700,FI1701,PVLOW,OK,L 00,DR1501 JACKET INLET,42.3165,m3/h
1/31/2025 15:14:02.200,1700,FI1701,PVLOLO,,H 00,DR1501 JACKET INLET,6.22316,m3/h
1/31/2025 15:14:02.200,1700,FI1701,PVLOW,,L 00,DR1501 JACKET INLET,6.22316,m3/h
1/31/2025 15:13:03.446,1700,FI1701,PVLOW,ACK,,DR1501 JACKET INLET,,
1/31/2025 15:13:00.400,1700,FI1701,PVLOLO,OK,H 00,DR1501 JACKET INLET,42.0327,m3/h
1/31/2025 15:13:00.300,1700,FI1701,PVLOW,OK,L 00,DR1501 JACKET INLET,42.0327,m3/h
1/31/2025 15:12:52.528,1700,FI1701,PVLOLO,ACK,,DR1501 JACKET INLET,,
1/31/2025 15:12:52.600,1500,LI1501B,PVHIGH,OK,L 00,VE1501B,7.76437,m
1/31/2025 15:12:41.700,1700,FI1701,PVLOLO,,H 00,DR1501 JACKET INLET,6.41406,m3/h
1/31/2025 15:12:41.600,1700,FI1701,PVLOW,,L 00,DR1501 JACKET INLET,6.41406,m3/h
1/31/2025 15:12:07.200,1700,LIC1701,PVHIGH,OK,L 00,VE1703,1.77969,m
1/31/2025 15:11:56.352,1700,LIC1701,CHANGE,,,PIDA.SP,1,m
1/31/2025 15:11:39.300,1700,FI1701,PVLOW,OK,L 00,DR1501 JACKET INLET,42.5138,m3/h
1/31/2025 15:11:38.300,1700,FI1701,PVLOLO,OK,H 00,DR1501 JACKET INLET,29.6907,m3/h
1/31/2025 15:11:34.235,1700,FI1701,PVLOW,ACK,,DR1501 JACKET INLET,,
1/31/2025 15:11:31.102,1700,FI1701,PVLOLO,ACK,,DR1501 JACKET INLET,,
1/31/2025 15:11:23.500,1700,FI1701,PVLOLO,,H 00,DR1501 JACKET INLET,6.24122,m3/h
1/31/2025 15:11:23.400,1700,FI1701,PVLOW,,L 00,DR1501 JACKET INLET,6.24122,m3/h
1/31/2025 15:11:20.892,1700,LIC1701,CHANGE,,,PIDA.SP,0,m
1/31/2025 15:10:25.241,1500,FI1511,PVLOLO,ACK,,DR1501 INLET,,
1/31/2025 15:10:22.714,1700,FI1701,PVLOW,ACK,,DR1501 JACKET INLET,,
1/31/2025 15:10:21.300,1700,FI1701,PVLOW,OK,L 00,DR1501 JACKET INLET,42.4067,m3/h
1/31/2025 15:10:20.200,1700,FI1701,PVLOLO,OK,H 00,DR1501 JACKET INLET,23.1934,m3/h
1/31/2025 15:10:18.647,1300,ALMMNG4,OFFNRM,ACK,,FI1511 PV LO ALARM,,
1/31/2025 15:10:15.065,1700,FI1701,PVLOLO,ACK,,DR1501 JACKET INLET,,
1/31/2025 15:10:07.800,1700,FI1701,PVLOLO,,H 00,DR1501 JACKET INLET,6.37021,m3/h
1/31/2025 15:10:07.700,1700,FI1701,PVLOW,,L 00,DR1501 JACKET INLET,6.37021,m3/h
1/31/2025 15:09:32.000,1300,ALMMNG4,OFFNRM,OK,H 00,FI1511 PV LO ALARM,OFF,
1/31/2025 15:09:21.500,1300,ALMMNG4,OFFNRM,,H 00,FI1511 PV LO ALARM,ON,
1/31/2025 15:09:04.600,1700,FI1701,PVLOLO,OK,H 00,DR1501 JACKET INLET,36.7633,m3/h
1/31/2025 15:09:04.500,1700,FI1701,PVLOW,OK,L 00,DR1501 JACKET INLET,36.7633,m3/h
1/31/2025 15:08:46.700,1700,FI1701,PVLOLO,,H 00,DR1501 JACKET INLET,6.41536,m3/h
1/31/2025 15:08:46.600,1700,FI1701,PVLOW,,L 00,DR1501 JACKET INLET,6.41536,m3/h
1/31/2025 15:07:44.400,1700,FI1701,PVLOLO,OK,H 00,DR1501 JACKET INLET,40.9517,m3/h
1/31/2025 15:07:44.300,1700,FI1701,PVLOW,OK,L 00,DR1501 JACKET INLET,40.9517,m3/h
1/31/2025 15:07:21.200,1700,FI1701,PVLOLO,,H 00,DR1501 JACKET INLET,6.4476,m3/h
1/31/2025 15:07:21.100,1700,FI1701,PVLOW,,L 00,DR1501 JACKET INLET,6.4476,m3/h
1/31/2025 15:06:41.100,1300,ALMMNG4,OFFNRM,OK,H 00,FI1511 PV LO ALARM,OFF,
1/31/2025 15:06:39.032,1700,HC1701,CHANGE,,,automana.op,10,%
1/31/2025 15:06:22.000,1300,ALMMNG4,OFFNRM,,H 00,FI1511 PV LO ALARM,ON,
1/31/2025 15:06:18.600,1700,FI1701,PVLOLO,OK,H 00,DR1501 JACKET INLET,32.8936,m3/h
1/31/2025 15:06:18.500,1700,FI1701,PVLOW,OK,L 00,DR1501 JACKET INLET,32.8936,m3/h
1/31/2025 15:06:16.900,1500,FI1511,PVLOLO,OK,L 00,DR1501 INLET,360.725,m3/h
1/31/2025 15:06:12.900,1500,FI1511,PVLOLO,,L 00,DR1501 INLET,288.158,m3/h
1/31/2025 15:05:54.300,1700,FI1701,PVLOLO,,H 00,DR1501 JACKET INLET,6.56112,m3/h
1/31/2025 15:05:54.200,1700,FI1701,PVLOW,,L 00,DR1501 JACKET INLET,6.56112,m3/h
1/31/2025 15:05:34.100,1500,PIC1502,PVLOW,OK,L 00,SLURRY RECYCLE LINE,1.46026,kg/cm2G
1/31/2025 15:04:52.200,1700,FI1701,PVLOLO,OK,H 00,DR1501 JACKET INLET,37.4431,m3/h
1/31/2025 15:04:52.100,1700,FI1701,PVLOW,OK,L 00,DR1501 JACKET INLET,37.4431,m3/h
1/31/2025 15:04:51.147,1500,PIC1502,PVLOW,ACK,,SLURRY RECYCLE LINE,,
1/31/2025 15:04:48.300,1300,ALMMNG4,OFFNRM,OK,H 00,FI1511 PV LO ALARM,OFF,
1/31/2025 15:04:47.549,1700,FI1701,PVLOW,ACK,,DR1501 JACKET INLET,,
1/31/2025 15:04:41.165,1300,ALMMNG4,OFFNRM,ACK,,FI1511 PV LO ALARM,,
1/31/2025 15:04:37.407,1700,FI1701,PVLOLO,ACK,,DR1501 JACKET INLET,,
1/31/2025 15:04:29.600,1700,FI1701,PVLOLO,,H 00,DR1501 JACKET INLET,6.27346,m3/h
1/31/2025 15:04:29.500,1700,FI1701,PVLOW,,L 00,DR1501 JACKET INLET,6.27346,m3/h
1/31/2025 15:04:29.100,1300,ALMMNG4,OFFNRM,,H 00,FI1511 PV LO ALARM,ON,
1/31/2025 15:03:55.800,1500,PIC1502,PVLOW,,L 00,SLURRY RECYCLE LINE,1.3896,kg/cm2G
1/31/2025 15:03:27.400,1700,FI1701,PVLOLO,OK,H 00,DR1501 JACKET INLET,39.9533,m3/h
1/31/2025 15:03:27.300,1700,FI1701,PVLOW,OK,L 00,DR1501 JACKET INLET,39.9533,m3/h
1/31/2025 15:03:19.539,1700,FI1701,PVLOW,ACK,,DR1501 JACKET INLET,,
1/31/2025 15:03:15.692,1700,FI1701,PVLOLO,ACK,,DR1501 JACKET INLET,,
1/31/2025 15:03:09.000,1300,ALMMNG4,OFFNRM,OK,H 00,FI1511 PV LO ALARM,OFF,
1/31/2025 15:03:04.200,1700,FI1701,PVLOLO,,H 00,DR1501 JACKET INLET,5.62205,m3/h
1/31/2025 15:03:03.400,1700,FI1701,PVLOW,,L 00,DR1501 JACKET INLET,5.61044,m3/h
1/31/2025 15:02:30.600,1500,FI1511,PVLOLO,OK,L 00,DR1501 INLET,360.278,m3/h
1/31/2025 15:02:19.023,1700,LIC1701,PVHIGH,ACK,,VE1703,,
1/31/2025 15:02:17.502,1500,FI1511,PVLOLO,ACK,,DR1501 INLET,,
1/31/2025 15:02:13.898,1300,ALMMNG4,OFFNRM,ACK,,FI1511 PV LO ALARM,,
1/31/2025 15:02:11.900,1300,ALMMNG4,OFFNRM,,H 00,FI1511 PV LO ALARM,ON,
1/31/2025 15:02:05.600,1500,FI1511,PVLOLO,,L 00,DR1501 INLET,331.73,m3/h
1/31/2025 15:01:49.300,1700,FI1701,PVLOLO,OK,H 00,DR1501 JACKET INLET,52.5468,m3/h
1/31/2025 15:01:49.200,1700,FI1701,PVLOW,OK,L 00,DR1501 JACKET INLET,52.5468,m3/h
1/31/2025 15:01:29.248,1700,HC1701,CHANGE,,,automana.op,0,%
1/31/2025 15:00:38.900,1500,FI1511,PVLOLO,OK,L 00,DR1501 INLET,373.313,m3/h
1/31/2025 15:00:00.100,1700,LIC1701,PVHIGH,,L 00,VE1703,1.80349,m
1/31/2025 14:51:42.774,8700,AI8102,PVHIHI,ACK,,PT8705 PH,,
1/31/2025 14:51:40.857,8700,AI8102,PVLOW,ACK,,PT8705 PH,,
1/31/2025 14:51:38.260,8100,AI_PH10,PVLOLO,ACK,,EFFULUENT CHANEL OLD W/S,,
1/31/2025 14:51:34.318,8700,AI8102,PVLOLO,ACK,,PT8705 PH,,
1/31/2025 14:49:20.700,1200,LIC1201,PVHIGH,OK,L 00,VE1201,4.83571,m
1/31/2025 14:47:43.347,Controllers,C300_03,DIAG,ACK,,SNTP Failed,,
1/31/2025 14:47:41.488,Controllers,C300_01,DIAG,ACK,,SNTP Failed,,
1/31/2025 14:47:39.794,Controllers,C300_05,DIAG,ACK,,SNTP Failed,,
1/31/2025 14:47:37.721,Controllers,C300_04,DIAG,ACK,,SNTP Failed,,
1/31/2025 14:47:23.935,Controllers,C300_02,DIAG,ACK,,SNTP Failed,,
1/31/2025 14:47:17.156,Controllers,C300_03,DIAG,ACK,,Not Using Configured Time Source,,
1/31/2025 14:47:09.172,Controllers,C300_01,DIAG,ACK,,Not Using Configured Time Source,,
1/31/2025 14:47:08.382,Controllers,C300_05,DIAG,ACK,,Not Using Configured Time Source,,
1/31/2025 14:47:05.289,Controllers,C300_04,DIAG,ACK,,Not Using Configured Time Source,,
1/31/2025 14:47:01.220,Controllers,C300_02,DIAG,ACK,,Not Using Configured Time Source,,
1/31/2025 14:40:46.600,8100,AI_PH10,PVLOLO,,H 00,EFFULUENT CHANEL OLD W/S,4.8165,pH
1/31/2025 14:40:21.244,1700,HC1701,CHANGE,,,automana.op,100,%
1/31/2025 14:40:05.920,1700,HC1701,CHANGE,,,automana.op,50,%
1/31/2025 14:39:58.067,1700,HC1701,CHANGE,,,automana.op,0.5,%
1/31/2025 14:38:07.000,8700,AI8102,PVLOLO,,U 00,PT8705 PH,5.93096,ph
1/31/2025 14:37:58.300,8700,AI8102,PVLOW,,H 00,PT8705 PH,6.69315,ph
1/31/2025 14:37:33.500,8700,AI8102,PVHIGH,OK,H 00,PT8705 PH,8.10048,ph
1/31/2025 14:37:07.800,8700,AI8102,PVHIHI,OK,H 00,PT8705 PH,8.83925,ph
1/31/2025 14:29:32.200,8100,AI_PH10,PVHIHI,OK,H 00,EFFULUENT CHANEL OLD W/S,8.6584,pH
1/31/2025 14:25:31.200,8700,AI8102,PVHIHI,,H 00,PT8705 PH,9.01249,ph
1/31/2025 14:22:27.600,8700,AI8102,PVHIHI,OK,H 00,PT8705 PH,8.85865,ph
1/31/2025 14:17:21.000,8400,FI8107PV,OFFNRM,OK,L 00,COOLING TOWER LOW LEVEL,OFF,
1/31/2025 14:09:20.190,8500,FQC8104,PVLOW,ACK,,VE8607,,
1/31/2025 14:09:18.457,8400,FI8107PV,OFFNRM,ACK,,COOLING TOWER LOW LEVEL,,
1/31/2025 14:05:17.200,Controllers,C300_02,DIAG,OK,H 15,Not Using Configured Time Source,,
1/31/2025 14:05:17.100,Controllers,C300_02,DIAG,OK,H 15,SNTP Failed,,
1/31/2025 14:05:17.000,Controllers,C300_02,DIAG,,J 00,Time Source Changed,SNTP,
1/31/2025 14:05:08.200,Controllers,C300_04,DIAG,OK,H 15,Not Using Configured Time Source,,
1/31/2025 14:05:08.000,Controllers,C300_04,DIAG,OK,H 15,SNTP Failed,,
1/31/2025 14:05:08.000,Controllers,C300_04,DIAG,,J 00,Time Source Changed,SNTP,
1/31/2025 14:05:05.600,Controllers,C300_05,DIAG,OK,H 15,Not Using Configured Time Source,,
1/31/2025 14:05:05.600,Controllers,C300_05,DIAG,OK,H 15,SNTP Failed,,
1/31/2025 14:05:05.500,Controllers,C300_05,DIAG,,J 00,Time Source Changed,SNTP,
1/31/2025 14:05:02.000,Controllers,C300_01,DIAG,OK,H 15,Not Using Configured Time Source,,
1/31/2025 14:05:02.000,Controllers,C300_01,DIAG,OK,H 15,SNTP Failed,,
1/31/2025 14:05:02.900,Controllers,C300_01,DIAG,,J 00,Time Source Changed,SNTP,
1/31/2025 14:04:47.700,Controllers,C300_03,DIAG,OK,H 15,Not Using Configured Time Source,,
1/31/2025 14:04:47.700,Controllers,C300_03,DIAG,OK,H 15,SNTP Failed,,
1/31/2025 14:04:47.600,Controllers,C300_03,DIAG,,J 00,Time Source Changed,SNTP,
1/31/2025 14:02:19.100,Controllers,C300_02,DIAG,,H 15,Not Using Configured Time Source,,
1/31/2025 14:02:19.000,Controllers,C300_02,DIAG,,J 00,Time Source Changed,CDA,
1/31/2025 14:02:10.200,Controllers,C300_04,DIAG,,H 15,Not Using Configured Time Source,,
1/31/2025 14:02:10.200,Controllers,C300_04,DIAG,,J 00,Time Source Changed,CDA,
1/31/2025 14:02:07.700,Controllers,C300_05,DIAG,,H 15,Not Using Configured Time Source,,
1/31/2025 14:02:07.600,Controllers,C300_05,DIAG,,J 00,Time Source Changed,CDA,
1/31/2025 14:02:04.400,Controllers,C300_01,DIAG,,H 15,Not Using Configured Time Source,,
1/31/2025 14:02:04.400,Controllers,C300_01,DIAG,,J 00,Time Source Changed,CDA,
1/31/2025 14:01:47.900,Controllers,C300_03,DIAG,,H 15,Not Using Configured Time Source,,
1/31/2025 14:01:47.900,Controllers,C300_03,DIAG,,J 00,Time Source Changed,CDA,
1/31/2025 14:01:17.000,Controllers,C300_02,DIAG,,H 15,SNTP Failed,,
1/31/2025 14:01:08.300,Controllers,C300_04,DIAG,,H 15,SNTP Failed,,
1/31/2025 14:01:05.300,Controllers,C300_05,DIAG,,H 15,SNTP Failed,,
1/31/2025 14:01:02.900,Controllers,C300_01,DIAG,,H 15,SNTP Failed,,
1/31/2025 14:00:47.100,Controllers,C300_03,DIAG,,H 15,SNTP Failed,,
1/31/2025 14:00:46.400,1400,PIC1404,PVLOW,OK,L 00,HE1403 INLET,3.11121,kg/cm2G
1/31/2025 14:00:46.000,1400,PIC1403,PVLOW,OK,L 00,VE1403,3.11121,kg/cm2G
1/31/2025 13:58:19.700,8400,FI8107PV,OFFNRM,,L 00,COOLING TOWER LOW LEVEL,ON,
1/31/2025 13:56:15.560,1400,PI1413,OFFNRM,ACK,,DEV ALM at 2 kg/cm2G of PI1403,,
1/31/2025 13:51:52.700,1400,PI1413,OFFNRM,OK,H 00,DEV ALM at 2 kg/cm2G of PI1403,OFF,
1/31/2025 13:51:51.600,1400,PI1413,OFFNRM,,H 00,DEV ALM at 2 kg/cm2G of PI1403,DEV ALM,
1/31/2025 13:51:50.700,1400,PI1413,OFFNRM,OK,H 00,DEV ALM at 2 kg/cm2G of PI1403,OFF,
1/31/2025 13:51:14.033,1400,PI1413,OFFNRM,ACK,,DEV ALM at 2 kg/cm2G of PI1403,,
1/31/2025 13:51:05.500,1400,PI1413,OFFNRM,,H 00,DEV ALM at 2 kg/cm2G of PI1403,DEV ALM,
1/31/2025 13:50:17.906,1200,LIC1201,PVHIGH,ACK,,VE1201,,
1/31/2025 13:50:15.051,1500,EI1507,BAD PV,ACK,,BL1503 CURRENT,,
1/31/2025 13:50:09.000,8600,LI8104,PVLOLO,OK,H 00,VE8602,2.05102,m
1/31/2025 13:48:49.200,1500,EI1507,BAD PV,,L 00,BL1503 CURRENT,,amp
1/31/2025 13:47:34.300,1200,LIC1201,PVHIGH,,L 00,VE1201,4.90062,m
1/31/2025 13:46:42.300,8500,FQC8104,PVLOW,,L 00,VE8607,9.96231,m3/h
1/31/2025 13:43:33.476,1300,LIC1305,PVLOW,ACK,,VE1306,,
1/31/2025 13:33:24.900,1300,LIC1305,PVLOW,,L 00,VE1306,1.4995,m
1/31/2025 13:23:20.970,8700,AI8102,PVHIGH,ACK,,PT8705 PH,,
1/31/2025 13:23:17.897,8700,AI8102,PVHIHI,ACK,,PT8705 PH,,
1/31/2025 13:23:14.297,8100,AI_PH10,PVHIHI,ACK,,EFFULUENT CHANEL OLD W/S,,
1/31/2025 13:20:32.600,1500,FIC1513,BAD PV,OK,L 00,BL1502 SUCTION,-6.89967,Nm3/min
1/31/2025 13:01:15.800,8100,AI_PH10,PVHIHI,,H 00,EFFULUENT CHANEL OLD W/S,9.0855,pH
1/31/2025 12:45:58.100,8700,AI8102,PVHIHI,,H 00,PT8705 PH,9.01182,ph
1/31/2025 12:45:24.500,8700,AI8102,PVHIGH,,H 00,PT8705 PH,8.30983,ph
1/31/2025 12:40:34.491,1500,EI1507,BAD PV,ACK,,BL1503 CURRENT,,
1/31/2025 12:40:27.800,1500,EI1507,BAD PV,OK,L 00,BL1503 CURRENT,118.568,amp
1/31/2025 12:40:26.700,1500,EI1507,BAD PV,,L 00,BL1503 CURRENT,,amp
1/31/2025 12:29:21.100,1500,EI1507,BAD PV,OK,L 00,BL1503 CURRENT,-0.124216,amp
1/31/2025 12:07:51.300,8100,AI_PH10,PVHIHI,OK,H 00,EFFULUENT CHANEL OLD W/S,8.6594,pH
1/31/2025 12:05:07.687,1200,PU1203BAmps,BAD PV,ACK,,PU1203 B CURRENT,,
1/31/2025 12:04:53.100,1200,PU1203BAmps,BAD PV,,L 00,PU1203 B CURRENT,,amp
1/31/2025 11:56:48.700,02,CI8101,PVHIGH,OK,L 00,CONDUCTIVITY OF POLISHER,0.979359,us/cm
1/31/2025 11:55:37.500,8500,FQC8104,PVLOW,OK,L 00,VE8607,10.6157,m3/h
1/31/2025 11:29:55.726,8600,LI8104,PVLOLO,ACK,,VE8602,,
1/31/2025 11:22:09.600,8600,LI8104,PVLOLO,,H 00,VE8602,1.99955,m
1/31/2025 11:21:15.017,8700,AI8102,PVLOW,ACK,,PT8705 PH,,
1/31/2025 11:21:13.102,8100,AI_PH10,PVHIHI,ACK,,EFFULUENT CHANEL OLD W/S,,
1/31/2025 11:16:12.100,8100,AI_PH10,PVHIHI,,H 00,EFFULUENT CHANEL OLD W/S,9.11259,pH
1/31/2025 11:11:30.800,8700,AI8102,PVLOW,OK,H 00,PT8705 PH,6.94398,ph
1/31/2025 11:09:48.800,8700,AI8102,PVLOLO,OK,U 00,PT8705 PH,6.14801,ph
1/31/2025 11:05:04.500,8100,AI_PH10,PVHIHI,OK,H 00,EFFULUENT CHANEL OLD W/S,8.639,pH
1/31/2025 10:53:20.631,1300,LI1308,PVHIGH,ACK,,VE1304,,
1/31/2025 10:50:16.000,1300,LI1308,PVHIGH,,L 00,VE1304,6.50469,m
1/31/2025 10:43:27.070,8700,AI8102,PVLOLO,ACK,,PT8705 PH,,
1/31/2025 10:43:16.200,8700,AI8102,PVLOLO,,U 00,PT8705 PH,5.94869,ph
1/31/2025 10:43:05.500,8700,AI8102,PVLOW,,H 00,PT8705 PH,6.77643,ph
1/31/2025 10:41:48.000,8700,AI8102,PVHIGH,OK,H 00,PT8705 PH,8.159,ph
1/31/2025 10:41:29.468,STN03,STATION 3,COMMS,,U 00,Station Failure,ONLINE,
1/31/2025 10:36:45.581,1300,FAL1319B,OFFNRM,ACK,,PU1312B OIL UNIT,,
1/31/2025 10:25:26.000,8400,FI8107PV,OFFNRM,OK,L 00,COOLING TOWER LOW LEVEL,OFF,
1/31/2025 10:23:17.898,STN03,STATION 3,COMMS,,U 00,Station Failure,OFFLINE,
1/31/2025 10:20:08.682,8400,FI8107PV,OFFNRM,ACK,,COOLING TOWER LOW LEVEL,,
1/31/2025 10:19:43.828,STN03,STATION 3,COMMS,,U 00,Station Failure,ONLINE,
1/31/2025 10:18:27.005,1100,XSV1104,CHANGE,,,devctla.gop,S0,
1/31/2025 10:18:26.644,1100,PU1104,CHANGE,,,devctla.gop,S0,
1/31/2025 10:18:19.800,8400,FI8107PV,OFFNRM,,L 00,COOLING TOWER LOW LEVEL,ON,
1/31/2025 10:11:46.792,1400,FI1406,BAD PV,ACK,,PU1403 MIN FLOW,,
1/31/2025 10:06:25.745,8200,PI8114,PVLOW,ACK,,LOW PRESSURE NITROGEN,,
1/31/2025 10:06:22.255,8700,AI8102,PVHIGH,ACK,,PT8705 PH,,
1/31/2025 10:06:18.893,8700,AI8102,PVHIHI,ACK,,PT8705 PH,,
1/31/2025 10:06:15.009,8100,AI_PH10,PVHIHI,ACK,,EFFULUENT CHANEL OLD W/S,,
1/31/2025 9:59:44.367,1100,PU1104,CHANGE,,,devctla.gop,S1,
1/31/2025 9:59:35.035,1100,XSV1104,CHANGE,,,devctla.gop,S1,
1/31/2025 9:58:45.900,8700,AI8102,PVHIHI,OK,H 00,PT8705 PH,8.85731,ph
1/31/2025 9:38:47.100,1500,PI1516,PVLOW,OK,L 00,SR1502 INLET,160.019,mmH2O
1/31/2025 9:36:28.139,1100,XSV1104,CHANGE,,,devctla.gop,S0,
1/31/2025 9:36:23.641,1100,PU1104,CHANGE,,,devctla.gop,S0,
1/31/2025 9:36:00.900,8200,PI8114,PVLOW,,L 00,LOW PRESSURE NITROGEN,4.49946,Kg/cm2G
1/31/2025 9:34:59.500,1100,LI1107,BAD PV,OK,J 00,VE1101,-0.114278,m
1/31/2025 9:34:58.000,1100,LI1107,BAD PV,,J 00,VE1101,,m
1/31/2025 9:34:57.200,1100,LI1107,BAD PV,OK,J 00,VE1101,-0.114946,m
1/31/2025 9:34:57.700,8100,AI_PH10,PVHIHI,,H 00,EFFULUENT CHANEL OLD W/S,8.8758,pH
1/31/2025 9:34:56.000,1100,LI1107,BAD PV,,J 00,VE1101,,m
1/31/2025 9:34:54.100,1100,LI1107,BAD PV,OK,J 00,VE1101,-0.11466,m
1/31/2025 9:34:53.300,1100,LI1107,BAD PV,,J 00,VE1101,,m
1/31/2025 9:34:42.300,1100,LI1107,BAD PV,OK,J 00,VE1101,-0.115806,m
1/31/2025 9:34:14.800,1100,LI1107,BAD PV,,J 00,VE1101,,m
1/31/2025 9:34:13.200,1100,LI1107,BAD PV,OK,J 00,VE1101,-0.11552,m
1/31/2025 9:33:47.900,8700,AI8102,PVHIHI,,H 00,PT8705 PH,9.00213,ph
1/31/2025 9:32:20.600,1400,FI1406,BAD PV,,L 00,PU1403 MIN FLOW,,kg/Hr
1/31/2025 9:30:41.854,1500,PI1514,PVLOLO,ACK,,DR1501 INSIDE,,
1/31/2025 9:30:37.748,1400,FI1406,PVLOW,ACK,,PU1403 MIN FLOW,,
1/31/2025 9:30:35.700,8700,AI8102,PVHIGH,,H 00,PT8705 PH,8.30081,ph
1/31/2025 9:30:25.000,1400,FI1406,PVLOW,,H 00,PU1403 MIN FLOW,407.101,kg/Hr
1/31/2025 9:29:47.400,1400,FI1406,PVLOW,OK,H 00,PU1403 MIN FLOW,1112.14,kg/Hr
1/31/2025 9:29:46.200,1400,FI1406,BAD PV,OK,L 00,PU1403 MIN FLOW,406.396,kg/Hr
1/31/2025 9:28:22.700,1500,PI1514,PVLOLO,,H 00,DR1501 INSIDE,98.9563,mmH2O
1/31/2025 9:27:32.600,8100,AI_PH10,PVLOLO,OK,H 00,EFFULUENT CHANEL OLD W/S,6.46136,pH
1/31/2025 9:19:00.400,1300,FAL1319B,OFFNRM,,L 00,PU1312B OIL UNIT,LOW,
1/31/2025 9:18:57.500,1300,FAL1319B,OFFNRM,OK,L 00,PU1312B OIL UNIT,NORMAL,
1/31/2025 9:18:55.500,1300,FAL1319B,OFFNRM,,L 00,PU1312B OIL UNIT,LOW,
1/31/2025 9:18:45.600,1300,FAL1319B,OFFNRM,OK,L 00,PU1312B OIL UNIT,NORMAL,
1/31/2025 9:17:21.217,1100,PU1104,CHANGE,,,devctla.gop,S1,
1/31/2025 9:15:26.600,8700,AI8102,PVHIGH,OK,H 00,PT8705 PH,8.15131,ph
1/31/2025 9:08:40.029,1500,EI1507,BAD PV,ACK,,BL1503 CURRENT,,
1/31/2025 9:06:53.800,1500,EI1507,BAD PV,,L 00,BL1503 CURRENT,,amp
1/31/2025 9:05:18.371,1100,XSV1104,CHANGE,,,devctla.gop,S1,
1/31/2025 8:45:48.400,1300,LI1303,PVLOW,OK,L 00,VE1305,0.0834012,m
1/31/2025 8:35:04.143,8100,AI_PH10,PVLOLO,ACK,,EFFULUENT CHANEL OLD W/S,,
1/31/2025 8:29:15.100,8100,AI_PH10,PVLOLO,,H 00,EFFULUENT CHANEL OLD W/S,5.02019,pH
1/31/2025 8:28:18.800,8100,AI_PH10,PVHIHI,OK,H 00,EFFULUENT CHANEL OLD W/S,8.58315,pH
1/31/2025 8:27:10.100,8400,FI8107PV,OFFNRM,OK,L 00,COOLING TOWER LOW LEVEL,OFF,
1/31/2025 8:18:00.858,8400,FI8107PV,OFFNRM,ACK,,COOLING TOWER LOW LEVEL,,
1/31/2025 8:17:01.131,1300,XSV1386,CHANGE,,,devctla.gop,S0,
1/31/2025 8:16:59.798,1300,XSV1398,CHANGE,,,devctla.gop,S0,
1/31/2025 8:16:27.199,1300,XSV1386,CHANGE,,,devctla.gop,S1,
1/31/2025 8:16:10.412,1300,XSV1385,CHANGE,,,devctla.gop,S0,
1/31/2025 8:16:04.495,1300,PU1302,CHANGE,,,devctla.gop,S0,
1/31/2025 8:15:38.800,1300,LI1308,PVHIGH,OK,L 00,VE1304,6.39839,m
1/31/2025 8:14:37.623,1300,PU1302,CHANGE,,,devctla.gop,S1,
1/31/2025 8:14:09.590,1300,XSV1385,CHANGE,,,devctla.gop,S1,
1/31/2025 8:14:04.082,1300,XSV1398,CHANGE,,,devctla.gop,S1,
1/31/2025 7:54:59.300,1300,LI1303,PVLOLO,OK,J 00,VE1305,0.0334461,m
1/31/2025 7:53:41.300,8400,FI8107PV,OFFNRM,,L 00,COOLING TOWER LOW LEVEL,ON,
1/31/2025 6:56:16.300,1300,LI1303,PVLOLO,,J 00,VE1305,0.0178236,m
1/31/2025 6:35:45.482,02,CI8101,PVHIGH,ACK,,CONDUCTIVITY OF POLISHER,,
1/31/2025 6:35:15.900,02,CI8101,PVHIGH,,L 00,CONDUCTIVITY OF POLISHER,1.33265,us/cm
1/31/2025 6:34:49.100,02,CI8101,PVHIGH,OK,L 00,CONDUCTIVITY OF POLISHER,0.974198,us/cm
1/31/2025 6:34:37.300,02,CI8101,PVHIGH,,L 00,CONDUCTIVITY OF POLISHER,1.18372,us/cm
1/31/2025 6:34:20.000,8400,FI8107PV,OFFNRM,OK,L 00,COOLING TOWER LOW LEVEL,OFF,
1/31/2025 6:34:12.400,02,CI8101,PVHIGH,OK,L 00,CONDUCTIVITY OF POLISHER,0.977973,us/cm
1/31/2025 6:33:49.627,02,CI8101,PVHIGH,ACK,,CONDUCTIVITY OF POLISHER,,
1/31/2025 6:32:47.700,02,CI8101,PVHIGH,,L 00,CONDUCTIVITY OF POLISHER,1.25128,us/cm
1/31/2025 6:32:23.600,02,CI8101,PVHIGH,OK,L 00,CONDUCTIVITY OF POLISHER,0.977878,us/cm
1/31/2025 6:30:55.300,02,CI8101,PVHIGH,,L 00,CONDUCTIVITY OF POLISHER,1.48321,us/cm
1/31/2025 6:29:47.200,02,CI8101,PVHIGH,OK,L 00,CONDUCTIVITY OF POLISHER,0.970567,us/cm
1/31/2025 6:29:30.400,02,CI8101,PVHIGH,,L 00,CONDUCTIVITY OF POLISHER,1.05772,us/cm
1/31/2025 6:28:50.100,02,CI8101,PVHIGH,OK,L 00,CONDUCTIVITY OF POLISHER,0.926848,us/cm
1/31/2025 6:28:24.500,02,CI8101,PVHIGH,,L 00,CONDUCTIVITY OF POLISHER,1.16312,us/cm
1/31/2025 6:28:05.258,02,CI8101,PVHIGH,ACK,,CONDUCTIVITY OF POLISHER,,
1/31/2025 6:27:59.600,02,CI8101,PVHIGH,OK,L 00,CONDUCTIVITY OF POLISHER,0.94424,us/cm
1/31/2025 6:27:21.000,02,CI8101,PVHIGH,,L 00,CONDUCTIVITY OF POLISHER,1.27985,us/cm
1/31/2025 6:26:56.200,02,CI8101,PVHIGH,OK,L 00,CONDUCTIVITY OF POLISHER,0.973864,us/cm
1/31/2025 6:26:44.400,02,CI8101,PVHIGH,,L 00,CONDUCTIVITY OF POLISHER,1.04372,us/cm
1/31/2025 6:25:53.200,02,CI8101,PVHIGH,OK,L 00,CONDUCTIVITY OF POLISHER,0.958956,us/cm
1/31/2025 6:25:26.700,02,CI8101,PVHIGH,,L 00,CONDUCTIVITY OF POLISHER,1.38377,us/cm
1/31/2025 6:19:49.920,1300,LI1308,PVHIGH,ACK,,VE1304,,
1/31/2025 6:19:41.900,1300,LI1308,PVHIGH,,L 00,VE1304,6.50708,m
1/31/2025 6:14:18.732,8500,FQC8104,ALARM,ACK PNT,,POLISHER FLOW,,
1/31/2025 6:14:18.732,8500,FQC8104,PVLOW,ACK,,VE8607,,
1/31/2025 6:13:57.800,8500,FQC8104,PVLOW,,L 00,VE8607,8.91165,m3/h
1/31/2025 6:09:19.957,8400,FI8107PV,OFFNRM,ACK,,COOLING TOWER LOW LEVEL,,
1/31/2025 6:09:15.464,8100,AI_PH10,ALARM,ACK PNT,,EFFULUENT CHANEL OLD W/S,,
1/31/2025 6:09:15.464,8100,AI_PH10,PVHIHI,ACK,,EFFULUENT CHANEL OLD W/S,,
1/31/2025 6:05:23.900,1200,TIC1211,PVHIGH,OK,L 00,HE1202 OUTLET,85.9614,DegC
1/31/2025 5:56:35.600,8100,AI_PH10,PVHIHI,,H 00,EFFULUENT CHANEL OLD W/S,9.531,pH
1/31/2025 5:55:45.200,8100,AI_PH10,PVLOLO,OK,H 00,EFFULUENT CHANEL OLD W/S,6.73963,pH
1/31/2025 5:53:05.400,8400,FI8107PV,OFFNRM,,L 00,COOLING TOWER LOW LEVEL,ON,
1/31/2025 5:51:41.068,SERVER_PVC,CONSOLE STATION 1-1,LEVEL,,,Security level,Oper,
1/31/2025 5:51:41.068,SERVER_PVC,CONSOLE STATION 1-1,LEVEL,,,Security level (IKB Key Switch),View Only,
1/31/2025 5:50:04.100,1300,LI1303,PVLOLO,OK,J 00,VE1305,0.0328346,m
1/31/2025 5:46:19.504,8100,AI_PH10,ALARM,ACK PNT,,EFFULUENT CHANEL OLD W/S,,
1/31/2025 5:46:19.504,8100,AI_PH10,PVLOLO,ACK,,EFFULUENT CHANEL OLD W/S,,
1/31/2025 5:45:53.900,8100,AI_PH10,PVLOLO,,H 00,EFFULUENT CHANEL OLD W/S,3.11747,pH
1/31/2025 5:45:25.700,8100,AI_PH10,PVHIHI,OK,H 00,EFFULUENT CHANEL OLD W/S,8.59385,pH
1/31/2025 5:35:47.173,8800,PI8111,PVHIGH,ACK,,VE8803 FGC SUCTION DRUM,,
1/31/2025 5:35:44.100,1500,PI1514,PVLOLO,OK,H 00,DR1501 INSIDE,110.325,mmH2O
1/31/2025 5:26:52.300,8700,AI8102,PVHIHI,OK,H 00,PT8705 PH,8.85932,ph
1/31/2025 5:25:36.100,8800,PI8111,PVHIGH,,L 00,VE8803 FGC SUCTION DRUM,5.00086,kg/cm2G
1/31/2025 5:25:20.551,8700,AI8102,PVHIHI,ACK,,PT8705 PH,,
1/31/2025 5:25:16.586,8100,AI_PH10,ALARM,ACK PNT,,EFFULUENT CHANEL OLD W/S,,
1/31/2025 5:25:16.586,8100,AI_PH10,PVHIHI,ACK,,EFFULUENT CHANEL OLD W/S,,
1/31/2025 5:25:15.500,8700,AI8102,PVHIHI,,H 00,PT8705 PH,9.32319,ph
1/31/2025 5:23:01.600,8100,AI_PH10,PVHIHI,,H 00,EFFULUENT CHANEL OLD W/S,10.5243,pH
1/31/2025 5:17:10.800,8800,PI8111,PVLOW,OK,L 00,VE8803 FGC SUCTION DRUM,4.08618,kg/cm2G
1/31/2025 5:16:37.400,8800,PI8111,PVLOLO,OK,H 00,VE8803 FGC SUCTION DRUM,3.58001,kg/cm2G
1/31/2025 5:10:03.467,1500,EI1507,BAD PV,ACK,,BL1503 CURRENT,,
1/31/2025 5:09:54.800,1500,EI1507,BAD PV,OK,L 00,BL1503 CURRENT,81.3988,amp
1/31/2025 5:09:53.900,1500,EI1507,BAD PV,,L 00,BL1503 CURRENT,,amp
1/31/2025 5:09:17.500,1500,EI1507,BAD PV,OK,L 00,BL1503 CURRENT,-0.0859976,amp
1/31/2025 5:05:08.400,1300,LI1303,PVLOLO,,J 00,VE1305,0.0186491,m
1/31/2025 5:04:36.762,1300,FAL1319B,OFFNRM,ACK,,PU1312B OIL UNIT,,
1/31/2025 5:04:27.000,1300,FAL1319B,OFFNRM,,L 00,PU1312B OIL UNIT,LOW,
1/31/2025 5:01:27.500,1300,FAL1319B,OFFNRM,OK,L 00,PU1312B OIL UNIT,NORMAL,
1/31/2025 4:59:18.995,1500,EI1507,BAD PV,ACK,,BL1503 CURRENT,,
1/31/2025 4:59:07.200,1500,EI1507,BAD PV,,L 00,BL1503 CURRENT,,amp
1/31/2025 4:43:46.227,1300,FAL1319B,OFFNRM,ACK,,PU1312B OIL UNIT,,
1/31/2025 4:41:30.300,1300,FAL1319B,OFFNRM,,L 00,PU1312B OIL UNIT,LOW,
1/31/2025 4:41:18.400,1300,FAL1319B,OFFNRM,OK,L 00,PU1312B OIL UNIT,NORMAL,
1/31/2025 4:37:44.000,1300,FAL1319B,OFFNRM,,L 00,PU1312B OIL UNIT,LOW,
1/31/2025 4:37:19.300,1300,FAL1319B,OFFNRM,OK,L 00,PU1312B OIL UNIT,NORMAL,
1/31/2025 4:34:11.500,8400,FI8107PV,OFFNRM,OK,L 00,COOLING TOWER LOW LEVEL,OFF,
1/31/2025 4:28:51.000,1300,FAL1319B,OFFNRM,,L 00,PU1312B OIL UNIT,LOW,
1/31/2025 4:21:48.442,SERVER_PVC,CONSOLE STATION 4-1,LEVEL,,,Security level,Oper,
1/31/2025 4:21:48.442,SERVER_PVC,CONSOLE STATION 4-1,LEVEL,,,Security level (IKB Key Switch),View Only,
1/31/2025 4:21:42.186,1500,PU1503,CHANGE,,,DEVCTLA.PVSource,AUTO,
1/31/2025 4:21:32.450,1500,PU1503,CHANGE,,,DEVCTLA.PV,RUN,
1/31/2025 4:21:25.709,1500,PU1503,CHANGE,,,DEVCTLA.PVSource,MAN,
1/31/2025 4:21:22.007,1500,PU1503,CHANGE,,,devctla.PVSRCOPT,ALL,
1/31/2025 4:21:21.013,SERVER_PVC,CONSOLE STATION 4-1,LEVEL,,,Security level,Engr,
1/31/2025 4:21:21.013,SERVER_PVC,CONSOLE STATION 4-1,LEVEL,,,Security level (IKB Key Switch),Engr,
1/31/2025 4:21:17.158,8400,FI8107PV,OFFNRM,ACK,,COOLING TOWER LOW LEVEL,,
1/31/2025 4:21:12.871,8700,AI8102,PVHIGH,ACK,,PT8705 PH,,
1/31/2025 4:19:51.276,SERVER_PVC,CONSOLE STATION 4-1,LEVEL,,,Security level,Oper,
1/31/2025 4:19:51.276,SERVER_PVC,CONSOLE STATION 4-1,LEVEL,,,Security level (IKB Key Switch),View Only,
1/31/2025 4:19:32.466,1500,PU1503,CHANGE,,,DIGACQA.PVSRCOPT,ONLYAUTO,
1/31/2025 4:19:16.998,SERVER_PVC,CONSOLE STATION 4-1,LEVEL,,,Security level,Engr,
1/31/2025 4:19:16.998,SERVER_PVC,CONSOLE STATION 4-1,LEVEL,,,Security level (IKB Key Switch),Engr,
1/31/2025 4:19:10.400,1300,FAL1319B,OFFNRM,OK,L 00,PU1312B OIL UNIT,NORMAL,
1/31/2025 4:18:52.661,1500,PU1503,CHANGE,,,devctla.PVSRCOPT,ONLYAUTO,
1/31/2025 4:18:04.700,8700,AI8102,PVHIHI,OK,H 00,PT8705 PH,8.85832,ph
1/31/2025 4:17:48.900,1300,LI1303,PVLOLO,OK,J 00,VE1305,0.0330486,m
1/31/2025 4:09:34.615,1300,FAL1319B,OFFNRM,ACK,,PU1312B OIL UNIT,,
1/31/2025 4:09:23.200,1300,FAL1319B,OFFNRM,,L 00,PU1312B OIL UNIT,LOW,
1/31/2025 4:08:29.000,1300,FAL1319B,OFFNRM,OK,L 00,PU1312B OIL UNIT,NORMAL,
1/31/2025 4:06:21.400,1300,LI1303,PVLOLO,,J 00,VE1305,0.0191688,m
1/31/2025 4:04:01.203,1500,EI1507,BAD PV,ACK,,BL1503 CURRENT,,
1/31/2025 4:03:36.300,1500,EI1507,BAD PV,OK,L 00,BL1503 CURRENT,61.7347,amp
1/31/2025 4:03:35.300,1500,EI1507,BAD PV,,L 00,BL1503 CURRENT,,amp
1/31/2025 3:59:22.332,SERVER_PVC,CONSOLE STATION 1-1,LEVEL,,,Security level,Engr,
1/31/2025 3:59:22.332,SERVER_PVC,CONSOLE STATION 1-1,LEVEL,,,Security level (IKB Key Switch),Engr,
1/31/2025 3:58:56.362,8100,AI_PH10,ALARM,ACK PNT,,EFFULUENT CHANEL OLD W/S,,
1/31/2025 3:58:56.362,8100,AI_PH10,PVHIHI,ACK,,EFFULUENT CHANEL OLD W/S,,
1/31/2025 3:53:59.192,1500,PIC1511,CHANGE,,,PIDA.OP,0,%
1/31/2025 3:53:53.086,1500,PIC1511,CHANGE,,,PIDA.OP,25,%
1/31/2025 3:53:49.782,1500,PIC1511,CHANGE,,,PIDA.OP,50,%
1/31/2025 3:53:43.616,1500,PIC1511,CHANGE,,,PIDA.OP,75,%
1/31/2025 3:53:34.872,1500,PIC1511,CHANGE,,,PIDA.OP,100,%
1/31/2025 3:53:29.100,1500,PIC1511,CHANGE,,,PIDA.OP,75,%
1/31/2025 3:53:24.711,1500,PIC1511,CHANGE,,,PIDA.OP,50,%
1/31/2025 3:53:15.598,1500,PIC1511,CHANGE,,,PIDA.OP,25,%
1/31/2025 3:50:39.459,1500,PIC1511,CHANGE,,,PIDA.OP,0,%
1/31/2025 3:50:30.177,1500,PIC1511,CHANGE,,,PIDA.OP,25,%
1/31/2025 3:50:08.806,1500,PIC1511,CHANGE,,,PIDA.OP,50,%
1/31/2025 3:49:53.562,1500,PIC1511,CHANGE,,,PIDA.OP,75,%
1/31/2025 3:49:36.508,1500,EI1507,BAD PV,ACK,,BL1503 CURRENT,,
1/31/2025 3:49:33.720,1500,PIC1511,CHANGE,,,PIDA.OP,100,%
1/31/2025 3:49:31.200,1500,EI1507,BAD PV,OK,L 00,BL1503 CURRENT,31.713,amp
1/31/2025 3:49:30.200,1500,EI1507,BAD PV,,L 00,BL1503 CURRENT,,amp
1/31/2025 3:48:07.269,1300,FAL1319B,OFFNRM,ACK,,PU1312B OIL UNIT,,
1/31/2025 3:48:00.800,8100,AI_PH10,PVHIHI,OK,H 00,EFFULUENT CHANEL OLD W/S,8.65673,pH
1/31/2025 3:47:58.200,1300,FAL1319B,OFFNRM,,L 00,PU1312B OIL UNIT,LOW,
1/31/2025 3:47:28.030,1500,PIC1511,CHANGE,,,PIDA.OP,0,%
1/31/2025 3:47:20.306,1500,PIC1511,CHANGE,,,PIDA.OP,25,%
1/31/2025 3:47:16.400,1300,FAL1319B,OFFNRM,OK,L 00,PU1312B OIL UNIT,NORMAL,
1/31/2025 3:47:15.111,1500,PIC1511,CHANGE,,,PIDA.OP,50,%
1/31/2025 3:46:51.800,1500,EI1507,BAD PV,OK,L 00,BL1503 CURRENT,-0.15288,amp
1/31/2025 3:46:46.360,1500,PIC1511,CHANGE,,,PIDA.OP,75,%
1/31/2025 3:46:18.577,1500,PIC1511,CHANGE,,,PIDA.OP,100,%
1/31/2025 3:45:15.288,1500,PIC1511,CHANGE,,,PIDA.OP,75,%
1/31/2025 3:44:51.373,1500,PIC1511,CHANGE,,,PIDA.OP,100,%
1/31/2025 3:44:44.323,1500,PIC1511,CHANGE,,,PIDA.OP,75,%
1/31/2025 3:44:37.332,1500,PIC1511,CHANGE,,,PIDA.OP,50,%
1/31/2025 3:44:27.729,1500,PIC1511,CHANGE,,,PIDA.OP,25,%
1/31/2025 3:44:16.527,1500,PIC1511,CHANGE,,,PIDA.OP,0,%
1/31/2025 3:44:12.341,1500,PIC1511,CHANGE,,,PIDA.OP,25,%
1/31/2025 3:44:04.697,1500,PIC1511,CHANGE,,,PIDA.OP,50,%
1/31/2025 3:43:55.000,8100,AI_PH10,PVHIHI,,H 00,EFFULUENT CHANEL OLD W/S,9.05473,pH
1/31/2025 3:43:50.088,1500,PIC1511,CHANGE,,,PIDA.OP,75,%
1/31/2025 3:43:31.254,1500,PIC1511,CHANGE,,,PIDA.OP,100,%
1/31/2025 3:43:06.600,8100,AI_PH10,PVHIHI,OK,H 00,EFFULUENT CHANEL OLD W/S,8.62194,pH
1/31/2025 3:42:35.800,8400,FI8107PV,OFFNRM,,L 00,COOLING TOWER LOW LEVEL,ON,
1/31/2025 3:41:33.383,1500,PIC1511,CHANGE,,,PIDA.OP,0,%
1/31/2025 3:39:38.275,1500,PIC1511,CHANGE,,,PIDA.OP,100,%
1/31/2025 3:34:59.300,02,CI8101,PVHIGH,OK,L 00,CONDUCTIVITY OF POLISHER,0.759138,us/cm
1/31/2025 3:34:52.900,8500,FQC8104,PVLOW,OK,L 00,VE8607,11.0641,m3/h
1/31/2025 3:34:34.160,02,CI8101,ALARM,ACK PNT,,CONDUCTIVITY OF POLISHER,,
1/31/2025 3:34:34.160,02,CI8101,PVHIGH,ACK,,CONDUCTIVITY OF POLISHER,,
1/31/2025 3:34:31.675,8700,AI8102,PVHIHI,ACK,,PT8705 PH,,
1/31/2025 3:34:23.756,1500,PI1516,PVLOW,ACK,,SR1502 INLET,,
1/31/2025 3:34:15.700,1500,PI1516,PVLOW,,L 00,SR1502 INLET,149.573,mmH2O
1/31/2025 3:33:57.000,1500,PI1516,PVLOW,OK,L 00,SR1502 INLET,168.068,mmH2O
1/31/2025 3:29:18.100,02,CI8101,PVHIGH,,L 00,CONDUCTIVITY OF POLISHER,1.89025,us/cm
1/31/2025 3:28:01.578,1300,FAL1319B,OFFNRM,ACK,,PU1312B OIL UNIT,,
1/31/2025 3:27:49.600,1300,FAL1319B,OFFNRM,,L 00,PU1312B OIL UNIT,LOW,
1/31/2025 3:27:28.600,1300,FAL1319B,OFFNRM,OK,L 00,PU1312B OIL UNIT,NORMAL,
1/31/2025 3:23:24.047,1500,PIC1511,CHANGE,,,PIDA.OP,0,%
1/31/2025 3:23:13.067,8100,AI_PH10,ALARM,ACK PNT,,EFFULUENT CHANEL OLD W/S,,
1/31/2025 3:23:13.067,8100,AI_PH10,PVHIHI,ACK,,EFFULUENT CHANEL OLD W/S,,
1/31/2025 3:22:57.400,8100,AI_PH10,PVHIHI,,H 00,EFFULUENT CHANEL OLD W/S,9.9377,pH
1/31/2025 3:22:28.800,8100,AI_PH10,PVLOLO,OK,H 00,EFFULUENT CHANEL OLD W/S,6.62323,pH
1/31/2025 3:20:30.893,1500,PIC1511,CHANGE,,,PIDA.OP,100,%
1/31/2025 3:17:44.600,8700,AI8102,PVHIHI,,H 00,PT8705 PH,9.12955,ph
1/31/2025 3:17:44.500,8700,AI8102,PVHIGH,,H 00,PT8705 PH,9.12955,ph
1/31/2025 3:17:09.602,1500,PIC1511,CHANGE,,,PIDA.OP,0,%
1/31/2025 3:13:21.695,1500,PIC1511,CHANGE,,,PIDA.OP,-17.245,%
1/31/2025 3:13:20.237,1500,PIC1511,CHANGE,,,PIDA.OP,-10,%
1/31/2025 3:13:03.186,1500,PIC1511,CHANGE,,,PIDA.OP,0,%
1/31/2025 3:12:29.679,1500,PIC1511,CHANGE,,,PIDA.OP,100,%
1/31/2025 3:11:35.588,1500,PIC1511,CHANGE,,,PIDA.OP,0,%
1/31/2025 3:11:25.827,1500,PIC1511,CHANGE,,,PIDA.OP,25,%
1/31/2025 3:11:00.938,1500,PIC1511,CHANGE,,,PIDA.OP,50,%
1/31/2025 3:10:37.694,1500,PIC1511,CHANGE,,,PIDA.OP,75,%
1/31/2025 3:08:36.657,1500,SLYTNK_A_CM,MESSAGE,CNF,,RESTART OK?",,
1/31/2025 3:08:35.385,1500,SLYTNK_A_CM,MESSAGE,ACK,,RESTART OK?",,
1/31/2025 3:08:27.700,1500,SLYTNK_A_CM,CONFIRMABLE MESSAGE,,,RESTART OK?",,
1/31/2025 3:08:27.400,1500,SLYTNK_A,State Change,,J 00,SCM,Held,
1/31/2025 3:07:47.660,1500,SLYTNK_A_CM,MESSAGE,ACK,,5-1 SLYTNKA SEQ TWHEAT STOP COND MESSAGE,,
1/31/2025 3:07:37.900,1500,SLYTNK_A_CM,INFORMATION MESSAGE,,,5-1 SLYTNKA SEQ TWHEAT STOP COND MESSAGE,,
1/31/2025 3:07:34.500,1500,SLYTNK_A,State Change,,J 00,SCM,Holding,
1/31/2025 3:07:33.600,1500,SLYTNK_A,Mode Attribute Change,,J 00,SCM,PROGRAM,
1/31/2025 3:07:33.139,1500,SLYTNK_A,CHANGE,,,modeattr,PROGRAM,
1/31/2025 3:07:33.139,1500,SLYTNK_A,CHANGE,,,COMMAND,Hold,
1/31/2025 3:07:33.400,1500,SLYTNK_A,Mode Attribute Change,,J 00,SCM,OPERATOR,
1/31/2025 3:07:33.850,1500,SLYTNK_A,CHANGE,,,modeattr,OPERATOR,
1/31/2025 3:07:20.500,1500,SLYTNK_A,State Change,,J 00,SCM,Running,
1/31/2025 3:07:17.600,1500,SLYTNK_A,State Change,,J 00,SCM,Restarting,
1/31/2025 3:07:17.868,1500,SLYTNK_A,CHANGE,,,modeattr,PROGRAM,
1/31/2025 3:07:16.900,1500,SLYTNK_A,Mode Attribute Change,,J 00,SCM,PROGRAM,
1/31/2025 3:07:16.500,1500,SLYTNK_A,Mode Attribute Change,,J 00,SCM,OPERATOR,
1/31/2025 3:07:16.332,1500,SLYTNK_A,CHANGE,,,COMMAND,Restart,
1/31/2025 3:07:16.332,1500,SLYTNK_A,CHANGE,,,modeattr,OPERATOR,
1/31/2025 3:07:07.934,1500,SLYTNK_A,CHANGE,,,DATA.FL2.VALUE,ON,
1/31/2025 2:59:49.694,1500,PIC1511,CHANGE,,,PIDA.OP,100,%
1/31/2025 2:54:40.180,8500,FQC8104,PVLOW,ACK,,VE8607,,
1/31/2025 2:52:43.900,8500,FQC8104,PVLOW,,L 00,VE8607,8.3975,m3/h
1/31/2025 2:45:34.306,1400,PIC1403,PVLOW,ACK,,VE1403,,
1/31/2025 2:45:20.102,1400,PIC1404,PVLOW,ACK,,HE1403 INLET,,
1/31/2025 2:45:09.400,1400,PIC1404,PVLOW,,L 00,HE1403 INLET,2.99749,kg/cm2G
1/31/2025 2:45:09.100,1400,PIC1403,PVLOW,,L 00,VE1403,2.99749,kg/cm2G
1/31/2025 2:44:44.044,8100,AI_PH10,ALARM,ACK PNT,,EFFULUENT CHANEL OLD W/S,,
1/31/2025 2:44:44.044,8100,AI_PH10,PVLOLO,ACK,,EFFULUENT CHANEL OLD W/S,,
1/31/2025 2:44:17.700,8100,AI_PH10,PVLOLO,,H 00,EFFULUENT CHANEL OLD W/S,6.04964,pH
1/31/2025 2:41:38.600,8100,AI_PH10,PVHIHI,OK,H 00,EFFULUENT CHANEL OLD W/S,8.64369,pH
1/31/2025 2:39:51.800,8600,LIC8107,PVLOW,OK,L 00,VE8604,3.07006,m
1/31/2025 2:39:36.911,1300,FAL1319B,OFFNRM,ACK,,PU1312B OIL UNIT,,
1/31/2025 2:32:42.900,1300,FAL1319B,OFFNRM,,L 00,PU1312B OIL UNIT,LOW,
1/31/2025 2:30:54.300,1300,FAL1319B,OFFNRM,OK,L 00,PU1312B OIL UNIT,NORMAL,
1/31/2025 2:23:35.200,8400,FI8107PV,OFFNRM,OK,L 00,COOLING TOWER LOW LEVEL,OFF,
1/31/2025 2:17:20.406,1500,PI1514,PVLOLO,ACK,,DR1501 INSIDE,,
1/31/2025 2:17:13.500,1500,PI1514,PVLOLO,,H 00,DR1501 INSIDE,97.977,mmH2O
1/31/2025 2:17:12.512,1300,LI1303,PVLOW,ACK,,VE1305,,
1/31/2025 2:16:50.600,1300,LI1303,PVLOW,,L 00,VE1305,0.0694908,m
1/31/2025 2:15:53.219,SERVER_PVC,File Replication,REPLICATION,,J 00,Filerep #10 replicating.,,
1/31/2025 2:15:53.219,SERVER_PVC,File Replication,REPLICATION,,J 00,Filerep #2 replicating.,,
1/31/2025 2:15:48.000,Unassigned Items,C300_04_AutoCpTsk,CHECKPOINT,,,Task Completed,,
1/31/2025 2:15:48.000,Controllers,C300_04,CHECKPOINT,,,Save Succeeded,,
1/31/2025 2:14:06.626,02,CI8102,ALARM,ACK PNT,,CONDUCTIVITY OF DEMINER',,
1/31/2025 2:14:06.626,02,CI8102,PVHIGH,ACK,,CONDUCTIVITY OF DEMINER',,
1/31/2025 2:14:01.603,8600,PI8104,ALARM,ACK PNT,,PW HEADER PRESS,,
1/31/2025 2:14:01.603,8600,PI8104,PVLOW,ACK,,PW HEADER PRESS,,
1/31/2025 2:13:11.500,8600,PI8104,PVLOW,OK,L 00,PW HEADER PRESS,4.47372,kg/cm2G
1/31/2025 2:13:08.800,8600,PI8104,PVLOW,,L 00,PW HEADER PRESS,3.67797,kg/cm2G
1/31/2025 2:13:01.137,1500,PI1514,PVLOW,ACK,,DR1501 INSIDE,,
1/31/2025 2:13:01.900,8600,PI8104,PVLOW,OK,L 00,PW HEADER PRESS,3.80793,kg/cm2G
1/31/2025 2:13:00.600,8600,PI8104,PVLOW,,L 00,PW HEADER PRESS,3.62661,kg/cm2G
1/31/2025 2:12:53.500,1500,PI1514,PVLOW,,L 00,DR1501 INSIDE,108.199,mmH2O
1/31/2025 2:11:06.912,1100,XSV1104,CHANGE,,,devctla.gop,S0,
1/31/2025 2:11:03.092,1100,PU1104,CHANGE,,,devctla.gop,S0,
1/31/2025 2:10:12.630,SERVER_PVC,File Replication,REPLICATION,,J 00,Filerep #10 replicating.,,
1/31/2025 2:10:06.379,SERVER_PVC,Filerep #10,FILREP,,,Replicate Now,,
1/31/2025 2:10:06.379,SERVER_PVC,File Replication,REPLICATION,,J 00,Filerep #10 replicating.,,
1/31/2025 2:10:00.000,Unassigned Items,C300_04_AutoCpTsk,CHECKPOINT,,,Task Started,,
1/31/2025 2:09:03.700,02,CI8101,PVHIGH,OK,L 00,CONDUCTIVITY OF POLISHER,0.897415,us/cm
1/31/2025 2:08:52.200,8500,FQC8104,PVLOW,OK,L 00,VE8607,11.2763,m3/h
1/31/2025 2:07:50.300,1300,LIC1305,PVLOW,OK,L 00,VE1306,1.54539,m
1/31/2025 2:03:24.700,1500,PI1514,PVLOW,OK,L 00,DR1501 INSIDE,160.219,mmH2O
1/31/2025 2:03:16.400,02,CI8102,PVHIGH,OK,L 00,CONDUCTIVITY OF DEMINER',9.7955,us/cm
1/31/2025 2:03:09.400,02,CI8102,PVHIGH,,L 00,CONDUCTIVITY OF DEMINER',10.4004,us/cm
1/31/2025 2:02:25.500,02,CI8102,PVHIGH,OK,L 00,CONDUCTIVITY OF DEMINER',9.55946,us/cm
1/31/2025 2:02:08.500,02,CI8102,PVHIGH,,L 00,CONDUCTIVITY OF DEMINER',11.0072,us/cm
1/31/2025 2:01:45.695,8500,FQ8105,CHANGE,,,Totalizer.COMMAND,RESET,
1/31/2025 2:01:38.800,02,CI8102,PVHIGH,OK,L 00,CONDUCTIVITY OF DEMINER',9.72383,us/cm
1/31/2025 2:01:37.704,02,CI8102,ALARM,ACK PNT,,CONDUCTIVITY OF DEMINER',,
1/31/2025 2:01:37.704,02,CI8102,PVHIGH,ACK,,CONDUCTIVITY OF DEMINER',,
1/31/2025 2:01:29.300,02,CI8102,PVHIGH,,L 00,CONDUCTIVITY OF DEMINER',10.7951,us/cm
1/31/2025 2:01:05.900,02,CI8102,PVHIGH,OK,L 00,CONDUCTIVITY OF DEMINER',9.56806,us/cm
1/31/2025 2:00:29.924,SERVER_PVC,File Replication,REPLICATION,,J 00,Filerep #1 replicating.,,
1/31/2025 1:57:23.800,1400,PIC1404,PVLOW,OK,L 00,HE1403 INLET,3.112,kg/cm2G
1/31/2025 1:57:23.900,1400,PIC1403,PVLOW,OK,L 00,VE1403,3.112,kg/cm2G
1/31/2025 1:54:49.313,1100,PU1104,CHANGE,,,devctla.gop,S1,
1/31/2025 1:54:42.464,1100,XSV1104,CHANGE,,,devctla.gop,S1,
1/31/2025 1:54:12.300,01,EVENT_SCM2B,OFFNRM,OK,J 00,,OFF,
1/31/2025 1:54:12.600,01,EVENT_SCM2A,OFFNRM,OK,J 00,,OFF,
1/31/2025 1:54:12.100,01,EVENT_SCM2A,OFFNRM,OK,J 00,,OFF,
1/31/2025 1:54:11.100,1300,LIC1305,PVLOLO,OK,H 00,VE1306,0.546513,m
1/31/2025 1:53:59.597,8400,FI8107PV,OFFNRM,ACK,,COOLING TOWER LOW LEVEL,,
1/31/2025 1:53:51.345,8600,LIC8107,PVLOW,ACK,,VE8604,,
1/31/2025 1:53:47.698,1400,XSV1428,CHANGE,,,devctla.gop,S0,
1/31/2025 1:53:43.806,02,CI8102,PVHIGH,ACK,,CONDUCTIVITY OF DEMINER',,
1/31/2025 1:53:43.605,1400,FIC1407,CHANGE,,,PIDA.OP,0,%
1/31/2025 1:53:17.370,02,CI8102,BAD PV,ACK,,CONDUCTIVITY OF DEMINER',,
1/31/2025 1:52:27.772,1400,XSV1428,CHANGE,,,devctla.gop,S1,
1/31/2025 1:52:21.020,1400,FQ1407,CHANGE,,,Totalizer.COMMAND,STOP,
1/31/2025 1:52:11.270,1400,XSV1426,CHANGE,,,devctla.gop,S0,
1/31/2025 1:50:05.981,1400,FQ1407,CHANGE,,,Totalizer.COMMAND,START,
1/31/2025 1:49:52.900,02,CI8102,BAD PV,OK,L 00,CONDUCTIVITY OF DEMINER',20.5261,us/cm
1/31/2025 1:49:44.765,1300,FAL1319B,OFFNRM,ACK,,PU1312B OIL UNIT,,
1/31/2025 1:49:39.970,1400,FIC1407,CHANGE,,,PIDA.OP,40,%
1/31/2025 1:49:38.300,1300,FAL1319B,OFFNRM,,L 00,PU1312B OIL UNIT,LOW,
1/31/2025 1:49:32.160,1400,XSV1426,CHANGE,,,devctla.gop,S1,
1/31/2025 1:49:31.300,02,CI8102,BAD PV,,L 00,CONDUCTIVITY OF DEMINER',,us/cm
1/31/2025 1:49:20.191,1400,XSV1428,CHANGE,,,devctla.gop,S0,
1/31/2025 1:49:17.432,1400,FIC1407,CHANGE,,,PIDA.OP,0,%
1/31/2025 1:49:16.300,02,CI8102,BAD PV,OK,L 00,CONDUCTIVITY OF DEMINER',18.8332,us/cm
1/31/2025 1:49:14.300,02,CI8102,BAD PV,,L 00,CONDUCTIVITY OF DEMINER',,us/cm
1/31/2025 1:49:12.500,02,CI8102,PVHIGH,,L 00,CONDUCTIVITY OF DEMINER',20.4702,us/cm
1/31/2025 1:49:12.400,02,CI8102,BAD PV,OK,L 00,CONDUCTIVITY OF DEMINER',20.4702,us/cm
1/31/2025 1:48:22.855,1400,FIC1407,CHANGE,,,PIDA.OP,50,%
1/31/2025 1:48:14.306,1400,XSV1428,CHANGE,,,devctla.gop,S1,
1/31/2025 1:47:47.799,1300,XSV1350,CHANGE,,,devctla.gop,S1,
1/31/2025 1:47:46.103,1300,XSV1350,CHANGE,,,devctla.modeattr,OPERATOR,
1/31/2025 1:47:15.479,1400,PIC1403,PVLOW,ACK,,VE1403,,
1/31/2025 1:47:10.144,1400,PIC1404,PVLOW,ACK,,HE1403 INLET,,
1/31/2025 1:46:53.875,1400,FIC1409,CHANGE,,,PIDA.MODE,NORMAL,
1/31/2025 1:46:52.300,1400,FIC1409,CHANGE,,,PIDA.OP,0,%
1/31/2025 1:46:51.989,1400,FIC1409,CHANGE,,,PIDA.MODE,MAN,
1/31/2025 1:44:46.200,1400,PIC1404,PVLOW,,L 00,HE1403 INLET,2.99487,kg/cm2G
1/31/2025 1:44:46.100,1400,PIC1403,PVLOW,,L 00,VE1403,2.99487,kg/cm2G
1/31/2025 1:44:34.449,SERVER_PVC,File Replication,REPLICATION,,J 00,Filerep #10 replicating.,,
1/31/2025 1:44:34.449,SERVER_PVC,File Replication,REPLICATION,,J 00,Filerep #2 replicating.,,
1/31/2025 1:44:29.000,Unassigned Items,C300_03_AutoCpTsk,CHECKPOINT,,,Task Completed,,
1/31/2025 1:44:29.000,Controllers,C300_03,CHECKPOINT,,,Save Succeeded,,
1/31/2025 1:40:12.728,SERVER_PVC,File Replication,REPLICATION,,J 00,Filerep #10 replicating.,,
1/31/2025 1:40:06.479,SERVER_PVC,Filerep #10,FILREP,,,Replicate Now,,
1/31/2025 1:40:06.212,SERVER_PVC,File Replication,REPLICATION,,J 00,Filerep #10 replicating.,,
1/31/2025 1:40:00.000,Unassigned Items,C300_03_AutoCpTsk,CHECKPOINT,,,Task Started,,
1/31/2025 1:38:54.600,8600,LIC8107,PVLOW,,L 00,VE8604,2.99983,m
1/31/2025 1:33:50.700,1300,FAL1319B,OFFNRM,OK,L 00,PU1312B OIL UNIT,NORMAL,
1/31/2025 1:31:09.300,8400,FI8107PV,OFFNRM,,L 00,COOLING TOWER LOW LEVEL,ON,
1/31/2025 1:27:24.346,1300,FAL1319B,OFFNRM,ACK,,PU1312B OIL UNIT,,
1/31/2025 1:27:18.900,1300,FAL1319B,OFFNRM,,L 00,PU1312B OIL UNIT,LOW,
1/31/2025 1:26:49.600,8200,PI8114,PVLOW,OK,L 00,LOW PRESSURE NITROGEN,4.60074,Kg/cm2G
1/31/2025 1:26:14.800,1300,FAL1319B,OFFNRM,OK,L 00,PU1312B OIL UNIT,NORMAL,
1/31/2025 1:24:06.596,SERVER_PVC,File Replication,REPLICATION,,J 00,Filerep #10 replicating.,,
1/31/2025 1:24:06.596,SERVER_PVC,File Replication,REPLICATION,,J 00,Filerep #2 replicating.,,
1/31/2025 1:24:00.000,Unassigned Items,C300_02_AutoCpTsk,CHECKPOINT,,,Task Completed,,
1/31/2025 1:24:00.000,Controllers,C300_02,CHECKPOINT,,,Save Succeeded,,
1/31/2025 1:23:45.968,02,CI8102,BAD PV,ACK,,CONDUCTIVITY OF DEMINER',,
1/31/2025 1:20:12.554,SERVER_PVC,File Replication,REPLICATION,,J 00,Filerep #10 replicating.,,
1/31/2025 1:20:06.310,SERVER_PVC,Filerep #10,FILREP,,,Replicate Now,,
1/31/2025 1:20:06.046,SERVER_PVC,File Replication,REPLICATION,,J 00,Filerep #10 replicating.,,
1/31/2025 1:20:00.000,Unassigned Items,C300_02_AutoCpTsk,CHECKPOINT,,,Task Started,,
1/31/2025 1:19:43.191,SERVER_PVC,CONSOLE STATION 4-1,LEVEL,,,Security level,Oper,
1/31/2025 1:19:43.191,SERVER_PVC,CONSOLE STATION 4-1,LEVEL,,,Security level (IKB Key Switch),View Only,
1/31/2025 1:16:00.500,02,CI8102,BAD PV,,L 00,CONDUCTIVITY OF DEMINER',,us/cm
1/31/2025 1:13:34.300,1500,PI1514,PVLOLO,OK,H 00,DR1501 INSIDE,110.038,mmH2O
1/31/2025 1:09:26.190,1500,PI1514,PVLOLO,ACK,,DR1501 INSIDE,,
1/31/2025 1:06:36.423,SERVER_PVC,File Replication,REPLICATION,,J 00,Filerep #14 replicating.,,
1/31/2025 1:06:28.847,SERVER_PVC,Filerep #14,FILREP,,,Replicate Now,,
1/31/2025 1:06:20.667,SERVER_PVC,File Replication,REPLICATION,,J 00,Filerep #14 replicating.,,
1/31/2025 1:04:23.706,SERVER_PVC,File Replication,REPLICATION,,J 00,Filerep #10 replicating.,,
1/31/2025 1:04:23.706,SERVER_PVC,File Replication,REPLICATION,,J 00,Filerep #2 replicating.,,
1/31/2025 1:04:17.000,Unassigned Items,C300_01_AutoCpTsk,CHECKPOINT,,,Task Completed,,
1/31/2025 1:04:17.000,Controllers,C300_01,CHECKPOINT,,,Save Succeeded,,
1/31/2025 1:03:13.500,8700,AI8102,PVHIGH,OK,H 00,PT8705 PH,8.15666,ph
1/31/2025 1:03:02.033,02,CI8101,PVHIGH,UNSHELVE,,CONDUCTIVITY OF POLISHER,1.05428,us/cm
1/31/2025 1:02:56.757,02,CI8101,PVHIGH,UNSHELVE,,CONDUCTIVITY OF POLISHER,1.05428,us/cm
1/31/2025 1:02:48.000,1500,PDI1523,PVLOW,OK,L 00,DR1501 PF,60.1401,mmH2O
1/31/2025 1:01:37.823,8800,PI8111,PVLOW,UNSHELVE,,VE8803 FGC SUCTION DRUM,3.9956,kg/cm2G
1/31/2025 1:01:36.455,8800,PI8111,PVLOW,UNSHELVE,,VE8803 FGC SUCTION DRUM,3.9956,kg/cm2G
1/31/2025 1:01:35.679,8800,PI8111,PVLOW,UNSHELVE,,VE8803 FGC SUCTION DRUM,3.9956,kg/cm2G
1/31/2025 1:00:13.569,SERVER_PVC,File Replication,REPLICATION,,J 00,Filerep #10 replicating.,,
1/31/2025 1:00:07.208,SERVER_PVC,Filerep #10,FILREP,,,Replicate Now,,
1/31/2025 1:00:07.943,SERVER_PVC,File Replication,REPLICATION,,J 00,Filerep #10 replicating.,,
1/31/2025 1:00:01.000,Unassigned Items,C300_01_AutoCpTsk,CHECKPOINT,,,Task Started,,
1/31/2025 0:58:29.900,8700,AI8102,PVHIHI,OK,H 00,PT8705 PH,8.85798,ph
1/31/2025 0:56:33.014,8500,FQ8105,CHANGE,,,Totalizer.COMMAND,RESET,
1/31/2025 0:56:14.499,1500,PDI1523,ALARM,ACK PNT,,DR1501 PF,,
1/31/2025 0:56:14.499,1500,PDI1523,PVLOW,ACK,,DR1501 PF,,
1/31/2025 0:52:42.200,1500,PDI1523,PVLOW,,L 00,DR1501 PF,41.0808,mmH2O
1/31/2025 0:51:56.600,1500,PI1514,PVLOLO,,H 00,DR1501 INSIDE,87.8024,mmH2O
1/31/2025 0:42:59.100,1400,PIC1404,PVLOW,OK,L 00,HE1403 INLET,3.11699,kg/cm2G
1/31/2025 0:42:59.400,1400,PIC1403,PVLOW,OK,L 00,VE1403,3.11699,kg/cm2G
1/31/2025 0:32:50.949,1300,XSV1379,CHANGE,,,devctla.gop,S0,
1/31/2025 0:32:44.134,1300,XSV1398,CHANGE,,,devctla.gop,S0,
1/31/2025 0:32:42.085,1300,XSV1398,CHANGE,,,devctla.gop,S0,
1/31/2025 0:32:35.390,1300,XSV1386,CHANGE,,,devctla.gop,S0,
1/31/2025 0:31:42.896,1300,XSV1386,CHANGE,,,devctla.gop,S1,
1/31/2025 0:31:21.719,1300,XSV1385,CHANGE,,,devctla.gop,S0,
1/31/2025 0:31:14.107,1300,PU1302,CHANGE,,,devctla.gop,S0,
1/31/2025 0:30:08.100,1300,LI1308,PVHIGH,OK,L 00,VE1304,6.39146,m
1/31/2025 0:30:07.400,1800,LIC1803,PVLOW,OK,L 00,VE1803,0.540731,m
1/31/2025 0:29:48.591,1800,LIC1803,PVLOW,ACK,,VE1803,,
1/31/2025 0:29:46.121,1300,FAL1319B,OFFNRM,ACK,,PU1312B OIL UNIT,,
1/31/2025 0:29:30.600,1300,FAL1319B,OFFNRM,,L 00,PU1312B OIL UNIT,LOW,
1/31/2025 0:29:28.279,1300,FAL1319B,OFFNRM,ACK,,PU1312B OIL UNIT,,
1/31/2025 0:29:28.600,1300,FAL1319B,OFFNRM,OK,L 00,PU1312B OIL UNIT,NORMAL,
1/31/2025 0:29:17.700,1300,FAL1319B,OFFNRM,,L 00,PU1312B OIL UNIT,LOW,
1/31/2025 0:29:15.700,1300,FAL1319B,OFFNRM,OK,L 00,PU1312B OIL UNIT,NORMAL,
1/31/2025 0:29:10.079,1300,XSV1379,CHANGE,,,DEVCTLA.BYPPERM,OFF,
1/31/2025 0:29:08.000,1300,XSV1379,CHANGE,,,DEVCTLA.BYPASS,OFF,
1/31/2025 0:28:56.800,1800,LIC1803,PVLOW,,L 00,VE1803,0.295867,m
1/31/2025 0:28:26.170,1300,PU1302,CHANGE,,,devctla.gop,S1,
1/31/2025 0:28:14.257,1300,XSV1379,CHANGE,,,devctla.gop,S1,
1/31/2025 0:28:09.099,1300,XSV1379,CHANGE,,,devctla.modeattr,OPERATOR,
1/31/2025 0:28:00.810,1300,XSV1379,CHANGE,,,DEVCTLA.BYPASS,ON,
1/31/2025 0:27:56.729,1300,XSV1379,CHANGE,,,DEVCTLA.BYPPERM,ON,
1/31/2025 0:27:52.021,SERVER_PVC,CONSOLE STATION 4-1,LEVEL,,,Security level,Engr,
1/31/2025 0:27:52.021,SERVER_PVC,CONSOLE STATION 4-1,LEVEL,,,Security level (IKB Key Switch),Engr,
1/31/2025 0:27:25.077,1300,XSV1385,CHANGE,,,devctla.gop,S1,
1/31/2025 0:27:09.391,1300,XSV1398,CHANGE,,,devctla.gop,S1,
1/31/2025 0:20:52.423,8700,AI8102,PVHIGH,ACK,,PT8705 PH,,
1/31/2025 0:20:48.918,8700,AI8102,PVHIHI,ACK,,PT8705 PH,,
1/31/2025 0:15:43.900,8700,AI8102,PVHIHI,,H 00,PT8705 PH,9.00714,ph
1/31/2025 0:13:40.500,8400,FI8107PV,OFFNRM,OK,L 00,COOLING TOWER LOW LEVEL,OFF,
1/31/2025 0:13:08.200,8700,AI8102,PVHIGH,,H 00,PT8705 PH,8.30181,ph
1/31/2025 0:06:38.500,8700,AI8102,PVLOW,OK,H 00,PT8705 PH,6.9403,ph
1/31/2025 0:03:19.909,1300,FAL1319B,OFFNRM,ACK,,PU1312B OIL UNIT,,
1/31/2025 0:03:13.900,1300,FAL1319B,OFFNRM,,L 00,PU1312B OIL UNIT,LOW,
1/31/2025 0:03:11.900,1300,FAL1319B,OFFNRM,OK,L 00,PU1312B OIL UNIT,NORMAL,
1/31/2025 0:03:09.900,1300,FAL1319B,OFFNRM,,L 00,PU1312B OIL UNIT,LOW,
1/31/2025 0:03:03.000,1300,FAL1319B,OFFNRM,OK,L 00,PU1312B OIL UNIT,NORMAL,
1/31/2025 0:02:45.200,1300,FAL1319B,OFFNRM,,L 00,PU1312B OIL UNIT,LOW,
1/31/2025 0:02:44.200,1300,FAL1319B,OFFNRM,OK,L 00,PU1312B OIL UNIT,NORMAL,
1/31/2025 0:01:59.600,8700,AI8102,PVLOLO,OK,U 00,PT8705 PH,6.14467,ph
1/31/2025 0:00:30.190,SERVER_PVC,File Replication,REPLICATION,,J 00,Filerep #14 replicating.,,
1/31/2025 0:00:30.326,SERVER_PVC,Event Archiving,EVTARC,OK,H 00,The current event count exceeds the recommended limit (3000000),,
1/31/2025 0:00:24.943,SERVER_PVC,Filerep #14,FILREP,,,Replicate Now,,
1/31/2025 0:00:23.812,SERVER_PVC,DAILY RP,PERIODIC,,J 00,Printer is not in service - report 12,,
1/31/2025 0:00:10.857,SERVER_PVC,File Replication,REPLICATION,,J 00,Filerep #14 replicating.,,
1/31/2025 0:00:00.290,SERVER_PVC,DAILY RP,PERIODIC,,J 00,Report Periodic Request,12,